Id,NAME,ADDRESS,CITY,STATE,ZIP,LAT,LON,PHONE,REVENUE,UTILIZATION
00065b1c-5e71-3da5-907f-e9fc33eddbbf,PCP115959,170 MAIN ST E,MONSON,MA,01057-1353,42.093596000000005,-72.321494,,8266.239999999994,64
001d000f-be37-3cf2-9339-6b613dd0117d,EYE ASSOCIATES PC,500 SALEM ST,WILMINGTON,MA,01887-1200,42.564646999999994,-71.164516,978-658-2880,8137.079999999994,63
00717240-296a-35b2-a336-8e3d9f085fce,NICOLE H. BOUDREAU MD P.C.,1180 BEACON ST,BROOKLINE,MA,02446-3806,42.323853,-71.142003,617-232-0440,6587.159999999995,51
02da9e41-5656-33e0-be62-aff604c958d3,PCP2381,17 HENSHAW ST,BRIGHTON,MA,02135-2905,42.33196,-71.020173,617-363-99881,6070.519999999996,47
03347b4d-994e-302b-848b-58019a4e274d,EMERSON HOSPITAL -,133 OLD ROAD TO 9 ACRE CORNER,W CONCORD,MA,01742,42.269478,-71.807783,9783691400,43346.09000000025,347
0471e045-73e1-3540-a5e8-dbef0d4093b6,PCP164843,113 /2 MAIN ST,OXFORD,MA,01540-2832,42.12826,-71.8671,,5812.199999999996,45
04c1cc59-11e3-30e5-b317-0bf5e765f3e8,BEACON FAMILY MEDICINE  LLP,130 COUNTY RD,IPSWICH,MA,01938-2585,42.695981,-70.83564799999999,978-356-1192,3616.4799999999987,28
05462bf2-25d4-3ecd-afdf-bb3e1140929a,Causeway OPC,251 Causeway St.,Boston,MA,02114,42.3665,-71.05931,800-865-3384,18599.039999999983,145
05466cb7-f3c0-3bcd-8f9e-421e6547cb51,PCP150197,215 SUMMER ST,HAVERHILL,MA,01830-0632,42.782945,-71.087436,,7749.599999999994,60
059cdf63-a616-3f61-be4d-410d0be0623a,PCP4608,1250 HANCOCK ST,QUINCY,MA,02169-4339,42.261006,-71.008988,617-471-2444,9170.359999999993,71
060d4631-3566-3d04-9205-2827b0f87c2e,PCP144782,111 EVERETT AVE,CHELSEA,MA,02150-2380,42.396824,-71.031348,,22861.319999999978,179
060f5b13-56d0-3500-bbb5-008bcb8fe70a,PCP71080,43 COLUMBIA ST,BROOKLINE,MA,02446-2407,42.323853,-71.142003,617-730-8120,8524.559999999994,66
06298d60-e0e0-32d1-b465-2455b92414b9,NORTH SHORE PHYSICIANS GROUP INC,55 HIGHLAND AVE,SALEM,MA,01970-2100,42.499248,-70.898204,978-745-4489,5424.719999999997,42
06eff9e0-c5b4-39ed-8273-2f29cf5d3185,PCP10127,464 GRANITE AVE,MILTON,MA,02186-5625,42.241557,-71.082432,617-698-0998,10978.599999999991,85
07528ac5-94f7-352d-b3e2-fd7269c88baa,HD PHYSICAL THERAPY LLC,607 N AVE,WAKEFIELD,MA,01880-1322,42.50436,-71.064061,781-587-0776,7103.799999999995,55
0871f090-09bb-3e6c-8381-ca5ac76a3937,PROEX PHYSICAL THERAPY  LLC,11 WATER ST,ARLINGTON,MA,02476-4814,42.418721999999995,-71.163912,603-427-8066,3616.4799999999987,28
09548a91-70ff-3bb3-8f61-ee52f80665c2,PIONEER VALLEY OPHTHALMIC CONSULTANTS  P.C.,10 HOSPITAL DR,HOLYOKE,MA,01040-6643,42.211656,-72.642448,413-536-3010,4908.079999999997,38
09aafb68-8363-327f-b033-a690de7a2930,NEW ENGLAND INPATIENT SPECIALIST LLC,2033 MAIN ST,ATHOL,MA,01331-3535,42.575924,-72.229618,978-669-5620,5424.719999999997,42
09b12738-8d19-3f48-bb86-1f0f0d3b5117,PCP50168,909 FORTUNE BLVD,MILFORD,MA,01757,42.158691999999995,-71.521419,508-473-7400,4908.079999999997,38
09f69020-aa1e-3bd8-b1f1-9b4534273281,PCP21378,515 PROVIDENCE HWY,DEDHAM,MA,02026-6817,42.246871999999996,-71.179462,201-388-2656,6716.319999999995,52
0d1563c1-d56c-362e-9e3d-d74463ebbe0f,URGENT CARE MEDICAL CLINIC,629 PLEASANT STREET,BROCKTON,MA,2301,42.0892313,-71.04551,508-583-0010,0.0,118
0e7998eb-cf99-3b10-9381-4b3f4bf4d320,COMMUNITY HEALTHLINK INC,275 NICHOLS RD,FITCHBURG,MA,01420-1919,42.601977000000005,-71.81586999999999,978-401-3970,7749.599999999994,60
0f7f97f6-693c-3de9-8190-85feaf4632e2,CONCENTRA URGENT CARE - EAST BOSTON,1 HARBORSIDE DRIVE,EAST BOSTON,MA,2128,42.3634497,-71.0256963,617-568-6500,0.0,19
108ccece-277a-396f-8bf2-1527f74458eb,ON CALL URGENT CARE CENTER,51 LOCUST STREET,NORTHAMPTON,MA,1060,42.3323152,-72.6545646,413-584-7425,0.0,41
10968ba2-75e7-351a-a73a-c37a2a8dfcfc,PCP25544,65 EASTERN AVE,ESSEX,MA,01929-1300,42.64042,-70.77117199999999,978-290-8889,5166.399999999997,40
12c9daf5-a29c-36c9-ac55-28972463e566,BETH ISRAEL DEACONESS HOSPITAL-MILTON INC,199 REEDSDALE ROAD,MILTON,MA,02186,42.24158900000001,-71.082651,6176964600,253308.5800000059,1999
12dafd90-8c30-3c76-a9ae-f0272596d49a,SIGNATURE HEALTHCARE MEDICAL GROUP INC,1215 BROADWAY,RAYNHAM,MA,02767-1942,41.930477,-71.046214,508-894-0400,7491.279999999994,58
161a799c-4894-36f6-8ca7-2a71c8107f79,ATHOL MEMORIAL HOSPITAL,2033 MAIN STREET,ATHOL,MA,01331,42.593384,-72.230228,9782493511,23584.60999999998,191
16d99802-1091-3c8e-aa5c-11bba4042e65,HARBOR MEDICAL ASSOCIATES  INC.,56 NEW DRIFTWAY,SCITUATE,MA,02066-4533,42.205062,-70.74297800000001,781-545-7243,7491.279999999994,58
176a6fd8-69ff-3a50-88f3-90c7e88ef927,MILTON RADIOLOGISTS INC,199 REEDSDALE RD,MILTON,MA,02186-3926,42.241557,-71.082432,617-696-4600,7232.959999999995,56
18362426-1324-35e6-a226-adccb56a7a36,PCP258407,98 S MAIN ST,MIDDLEBOROUGH,MA,02346-2123,41.878004,-70.86926700000001,508-947-2155,42493.64000000023,332
1ae16480-11ce-35df-89ee-78947036c59c,PCP15690,1180 BEACON ST,BROOKLINE,MA,02446-3885,42.323853,-71.142003,617-277-2449,9041.199999999993,70
1c064e6a-e1a5-3124-b294-68ae3a9d6487,ALL-ACCESS PHYSICAL THERAPY  INC.,904 C BOSTON TPKE,SHREWSBURY,MA,01545-3303,42.284766999999995,-71.714228,508-845-3500,10849.439999999991,84
1c9f06a8-38bb-3d07-99b2-176d626bc4c2,PCP113281,111 WASHINGTON ST,PLAINVILLE,MA,02762-2155,42.012797,-71.336578,,14078.439999999988,109
1ca2afca-6817-3a22-81d7-70b3b1366183,PCP29525,65 NEPONSET AVE,FOXBOROUGH,MA,02035-4022,42.061338,-71.245802,508-543-7160,9041.199999999993,70
1d9793e4-b135-33d8-b90e-521cedb608cc,PCP110579,611 LEOMINSTER RD,LUNENBURG,MA,01462-2013,42.582607,-71.720464,,9686.999999999993,75
1df56535-d4b3-3192-8c29-36f122fccab6,PCP105554,280 WASHINGTON ST,HUDSON,MA,01749-2735,42.389071,-71.545864,,8653.719999999994,67
1eaf97fa-9de6-38de-a9c4-6efe5dc574be,ST VINCENT HOSPITAL,123 SUMMER STREET,WORCESTER,MA,01608,42.269478,-71.807783,5083635000,51276.52000000047,409
1f6b6667-2104-3bba-a332-c119f6ffbb64,PCP16049,191 CHERRY HILL DR,SEEKONK,MA,02771-2223,41.839797999999995,-71.31804699999999,401-617-2284,4003.959999999998,31
1ff2e3aa-8234-3a06-a1f7-c622d7b2c1d8,STURDY MEMORIAL ASSOCIATES  INC.,60 MESSENGER ST,PLAINVILLE,MA,02762-2258,42.012797,-71.336578,508-698-0055,3874.7999999999984,30
2075b030-1585-3772-8792-fa474af2c744,SOUTH SHORE WOMEN'S HEALTH  P.C.,689 BEDFORD ST,WHITMAN,MA,02382-1807,42.078974,-70.93939,781-447-4001,15499.199999999986,121
21ed1061-d809-3fa9-a1bd-bd0b1a108a41,BAY STATE EXCELLENT VISION,600 MAIN ST,MALDEN,MA,02148-3919,42.42938,-71.058706,781-321-6463,3616.4799999999987,29
226098a2-6a40-3588-b5bb-db56c3a30a04,GOOD SAMARITAN MEDICAL CENTER,235 NORTH PEARL STREET,BROCKTON,MA,02301,42.082543,-71.024638,5084273000,137684.41000000288,1100
23834663-ed53-3da9-b330-d6e1ecb8428e,SOUTHCOAST HOSPITAL GROUP  INC,363 HIGHLAND AVENUE,FALL RIVER,MA,02720,41.725351,-71.094162,5086793131,222412.5900000045,1832
2468bb56-3ceb-37c9-8140-14cbe3d36948,CAREWELL URGENT CARE CENTERS OF MA  PC,349 BROADWAY,SOMERVILLE,MA,02145-2407,42.390445,-71.101033,617-302-4194,15628.359999999986,121
24bcfc89-997e-3a62-a6c3-83ed31af8901,PCP167180,22 MCGRATH HWY 4,SOMERVILLE,MA,02143-4508,42.390445,-71.101033,,6070.519999999996,47
24cb4eab-6166-3530-bddc-a5a8a14a4fc1,MILFORD REGIONAL MEDICAL CENTER,14 PROSPECT STREET,MILFORD,MA,01757,42.158692,-71.521419,5084731190,336022.4999999916,2665
261b14f5-39d7-37eb-a8b7-606014d8eff3,PCP17774,493 ESSEX ST,LAWRENCE,MA,01840-1241,42.700272999999996,-71.161357,978-686-7111,7620.439999999994,59
26f1b65c-0efb-36a4-a07d-50e0346f30a4,PCP6089,17 WALTHAM RD,WAYLAND,MA,01778-1128,42.360427,-71.361099,508-361-1224,5424.719999999997,42
27379046-608b-32f0-9df7-8c833cf5d11d,BRIGHAM AND WOMEN'S HOSPITAL,75 FRANCIS STREET,BOSTON,MA,02115,42.33196,-71.020173,6177325500,36164.80000000006,281
279b2a85-ab64-3dec-90df-fbca8b479db5,PCP25692,48 CHERRY ST,WENHAM,MA,01984-1313,42.600633,-70.883303,978-473-6078,14982.559999999987,116
28312252-e57e-34cb-8e45-6ce36187d68c,STEWARD ST. ANNE'S HOSPITAL CORPORATION,537 FAUNCE CORNER RD,NORTH DARTMOUTH,MA,02747-1242,41.646686,-70.999158,508-961-0710,4908.079999999997,38
290f8d1d-fc6b-38bd-90b3-3c15d56dd97a,PCP15602,51 MAIN ST,GLOUCESTER,MA,01930-5791,42.62885,-70.685875,978-281-5131,4262.279999999998,33
291a9036-ff68-348d-a693-537df0807a12,FALL RIVER MEDICAL EMERGENCY WALK IN CLINIC,427 PLYMOUTH AVENUE,FALL RIVER,MA,2721,41.6956586,-71.1530617,508-679-0010,0.0,1
297e845b-327b-32f5-a78d-5885ab951c05,PCP112956,879 COUNTY ST,SOMERSET,MA,02726-5033,41.738479,-71.165065,,8395.399999999994,65
2c3e6615-030f-35a7-aeb4-f32bbb83af26,PCP166560,150 BRYN MAWR AVE,AUBURN,MA,01501-1607,42.198708,-71.846006,,5812.199999999996,45
2d3b6c1d-29f1-382e-9982-d4e5d9fc8c35,HALLMARK HEALTH MEDICAL ASSOCIATES INC,200 GOVERNORS AVE,MEDFORD,MA,02155-1644,42.423844,-71.10923100000001,781-391-5400,3487.319999999999,27
309b9155-1832-3aa2-9bc2-e6047060c36c,UMASS MEMORIAL MEDICAL GROUP  INC.,326 NICHOLS RD,FITCHBURG,MA,01420-5140,42.601977000000005,-71.81586999999999,978-343-5270,3616.4799999999987,28
3265f387-6c51-32ee-8f6d-b2a89caa34d5,CHELSEA MGH HEALTH CENTER MEDICAL WALK IN,151 EVERETT AVENUE,CHELSEA,MA,2150,42.3961274,-71.0392206,617-884-8300,0.0,61
33145183-be4b-3f49-809e-05a81cce7ecd,PCP34313,52 CENTRAL ST,GARDNER,MA,01440-1662,42.584206,-71.988737,978-632-5722,12399.35999999999,96
34031633-e7ec-3962-8a45-e2a8f77dcc92,MILFORD REGIONAL PHYSICIAN GROUP INC,200 COMMERCE DR,NORTHBRIDGE,MA,01534-1425,42.128937,-71.655787,508-234-6260,6587.159999999995,51
3553d3a5-68c0-3da6-8aed-37f3bd7209c9,PCP19378,53 COUNTY RD,MATTAPOISETT,MA,02739-1652,41.661363,-70.812024,508-758-1330,4391.439999999998,34
364cf084-5db8-36da-9d70-34ff6d4218ec,RIVERSIDE RADIOLOGY MEDICAL GROUP INC,85 BARTLETT HILL RD,CONCORD,MA,01742-1801,42.462911,-71.364496,,4649.7599999999975,37
3785a91b-ef8c-3628-b673-5f9808b05616,GL PEDIATRICS INC,33 BARTLETT ST,LOWELL,MA,01852-1318,42.63898,-71.321141,978-452-2200,8912.039999999994,69
37b4d73f-652d-3033-a16e-d97b9e8b4cda,ANNA JAQUES HOSPITAL,25 HIGHLAND AVENUE,NEWBURYPORT,MA,01950,42.812141,-70.886646,9784631000,108494.280000002,868
37c0de84-bcaf-3624-82bf-a89b2ac441b8,BEVERLY HOSPITAL CORPORATION,85 HERRICK STREET,BEVERLY,MA,01915,42.556659,-70.84496,9789223000,153829.5300000032,1222
37c197b5-110f-339b-942e-272137f770b2,CD PRACTICE ASSOCIATES INC,14 WILLIAMS ST,WILLIAMSBURG,MA,01096-9427,42.405414,-72.726043,413-268-3616,10978.599999999991,85
37eb7694-de8f-3407-b95f-1a6a31fb0f6a,Springfield Outpatient Clinic,25 Bond Street,Springfield,MA,01104,42.110065,-72.60007,413-731-6000 Or 413-731-6000,24023.759999999977,186
395a9f52-1f2d-35cd-8cfe-35e2771f8921,PCP248432,567 CENTRAL ST,BOYLSTON,MA,01505-1523,42.355049,-71.716157,508-335-2452,16532.479999999985,128
3b18fe70-e14e-354f-a948-bce4fbb4b2a7,NORTHEAST MEDICAL PRACTICE INC,280 UNION ST,LYNN,MA,01901-1353,42.474862,-70.96218499999999,781-596-3800,6070.519999999996,47
3b5067a8-36ad-367c-b73e-2b6220a5f290,PCP83090,4 TANNERY BROOK ROW,SOMERVILLE,MA,02144-2758,42.390445,-71.101033,617-726-1736,3874.7999999999984,30
3bd5eda0-16da-3ba5-8500-4dfd6ae118b8,NORWOOD HOSPITAL,800 WASHINGTON STREET,NORWOOD,MA,02062,42.18736,-71.195955,5087721000,390476.4999999807,3083
3c8b233a-6c05-3357-b6e0-97306efcf971,PCP167629,54 MAPLE AVE B,RUTLAND,MA,01543-1527,42.388284999999996,-71.969865,,12528.51999999999,97
3d10019f-c88e-3de5-9916-6107b9c0263d,NEWTON-WELLESLEY HOSPITAL,2014 WASHINGTON STREET,NEWTON,MA,02462,42.331876,-71.208402,6172436000,334472.4899999921,2658
3ed98587-8c4c-33b4-9cbe-ec7fc451d2b6,PCP143874,242 JOHN WISE AVE,ESSEX,MA,01929-1027,42.64042,-70.77117199999999,,5166.399999999997,40
3fa14d94-f5fe-31e2-8d63-df026c7b6a45,PCP128082,480 WASHINGTON ST,BRIGHTON,MA,02135-2655,42.33196,-71.020173,,14465.919999999987,112
3fbe3da9-8e41-3118-a253-7e2d1b46480f,Brockton Vet Center,1041L Pearl St.,Brockton,MA,02301,42.055134,-71.06661,508-580-2730 Or 508-580-2730,25263.689999999977,196
415bf5aa-ea38-3685-a13c-e68fcc89b344,PCP50662,1 WASHINGTON ST,WELLESLEY HILLS,MA,02481-1706,42.30539,-71.28366899999997,781-237-65502,5683.039999999996,44
42a6d2c0-4c41-30de-b401-d24121341258,PCP8527,258 MAIN ST,MILFORD,MA,01757-2506,42.158691999999995,-71.521419,508-473-5888,8137.079999999994,63
43de7525-f2f9-39a9-b8ff-9cba4ef56988,PCP26110,117 HIGHLAND AVE,WATERTOWN,MA,02472-1642,42.369451,-71.177925,617-923-8135,6974.639999999995,54
43e1c8ac-cce2-3e8d-8752-ce9045c435cb,PCP236544,365 MAIN ST,WINTHROP,MA,02152-1637,42.375541,-70.970646,,4391.439999999998,34
44a6ca33-dba9-3aa7-b75b-c7abf74930e9,AMY EDALJI MD AND R ROGER KOMER MD,1180 BEACON ST,BROOKLINE,MA,02446-3806,42.323853,-71.142003,617-739-6300,8266.239999999994,64
44bef9d3-91c2-3005-93e0-ccf436348ff0,MASSACHUSETTS EYE AND EAR INFIRMARY -,243 CHARLES STREET,BOSTON,MA,02114,42.33196,-71.020173,6175237900,32806.63999999997,262
45fbe90d-10f7-39f4-9f84-2100c302faf9,PCP22338,500 SALEM ST,WILMINGTON,MA,01887-1200,42.564646999999994,-71.164516,978-988-6240,7620.439999999994,59
46084d3f-e6a2-37bc-b830-9b15674f7cae,PCP20314,117 MAIN ST,SPENCER,MA,01562-2125,42.247211,-71.991867,508-885-2500,3745.6399999999985,29
465de31f-3098-365c-af70-48a071e1f5aa,METROWEST MEDICAL CENTER,115 LINCOLN STREET,FRAMINGHAM,MA,01701,42.307905,-71.436196,5083831000,221767.72000000507,1760
479d8764-9f18-300e-8695-57c43e37cf4a,PCP34751,1170 MAIN ST,W BARNSTABLE,MA,02668-1142,41.662727,-70.357208,508-737-2701,11882.71999999999,92
4861d01f-019c-3dac-a153-8334e50919f9,NORTH SHORE MEDICAL CENTER -,81 HIGHLAND AVENUE,SALEM,MA,01970,42.50128,-70.897502,9787411215,202703.56000000442,1616
48bc3aff-5ff4-3ec6-b7e5-5a5b36680331,PCP16262,1032 TURNPIKE ST,CANTON,MA,02021-2866,42.175737,-71.125385,617-549-2939,8782.879999999994,69
49318f80-bd8b-3fc7-a096-ac43088b0c12,COOLEY DICKINSON HOSPITAL INC THE,30 LOCUST STREET,NORTHAMPTON,MA,01060,42.327044,-72.67463000000002,4135822000,207766.77000000468,1641
49bf5812-29f3-32c7-88de-329eb3864885,PCP118875,627 COLLEGE HWY 2,SOUTHWICK,MA,01077-9829,42.05257,-72.777353,,3745.6399999999985,29
4a1c5788-d5c9-3306-a691-d5ab7725c49d,PCP163305,1333 MAIN ST,WALPOLE,MA,02081-1756,42.146285999999996,-71.255604,,14724.239999999987,114
4accc89c-6cb0-3c68-b985-eeae348786d4,MILTON CHIROPRACTIC AND REHABILITATION INC,540 GALLIVAN BLVD,DORCHESTER,MA,02124-5400,42.33196,-71.020173,617-282-1200,10720.279999999992,83
4b562cab-70a7-3a46-bb2c-a1d4b85fdba6,PCP19106,328 BROADWAY,CAMBRIDGE,MA,02139-1840,42.376043,-71.11868,617-661-3113,8912.039999999994,69
4bac2e3e-0bdd-3916-b5a8-f175fa5c80d1,BROCKTON AREA MULTI-SERVICES  INC.,288 BEDFORD ST,WHITMAN,MA,02382-1820,42.078974,-70.93939,781-447-6425,12011.87999999999,93
4bdaa4c2-c664-3089-aee2-7137abbad27f,HARRINGTON MEMORIAL HOSPITAL-1,100 SOUTH STREET,SOUTHBRIDGE,MA,01550,42.059669,-72.03404,5087659771,179609.83000000392,1413
4ca1bde9-84f1-320d-86dc-39bf90ecdd19,PCP74995,311 B MAIN ST,WILLIAMSTOWN,MA,01267-2610,42.695743,-73.22211800000001,413-652-1554,6457.999999999995,50
4e383e1d-1060-3747-a4f0-d639980ff360,PCP29892,131 HARVARD ST,BROOKLINE,MA,02446-6429,42.323853,-71.142003,617-934-4744,5553.8799999999965,43
4e916854-3a59-3f17-bb16-7c406148d822,HANOVER FAMILY HEALTH AND URGENT CARE,1399 WASHINGTON STREET,HANOVER,MA,2339,42.144202,-70.844005,781-829-1000,0.0,297
4f3a530e-a2f7-3de0-9a09-c0a70a9ab894,BERKSHIRE MEDICAL CENTER INC - 1,725 NORTH STREET,PITTSFIELD,MA,01201,42.452045,-73.26054,4134472000,208696.59000000474,1643
5103c940-0c08-392f-95cd-446e0cea042a,SHRINERS' HOSPITAL FOR CHILDREN (THE),516 CAREW STREET,SPRINGFIELD,MA,01104,42.115454,-72.539978,4137872000,57269.52000000062,457
518271fa-2372-3b99-9b3f-a9ccc3cfc33b,PCP2704,31 HASTINGS ST,MENDON,MA,01756-1090,42.09387,-71.544519,508-473-12005,4262.279999999998,33
5259a506-b80b-3ed5-9c30-83188eabf33e,Fitchburg Outpatient Clinic,881 Main Street,Fitchburg,MA,01420,42.586487,-71.80521,978-342-9781 Or 978-342-9781,75816.92000000113,590
52a30b57-1660-3c8c-9f4d-5a38305ee506,THE COMMONWEALTH OF MASSACHUSETTS,830 COUNTY RD,POCASSET,MA,02559-2198,41.688804,-70.639267,508-564-9600,5553.8799999999965,43
5342f6b7-4ddb-3ca5-a12d-e4f4516a74af,PCP230103,1029 PLEASANT ST,BRIDGEWATER,MA,02324-2301,41.972376000000004,-70.978773,,5683.039999999996,44
53b25c4b-e95f-3dd1-8e69-d427cdd83631,Framingham Outpatient Clinic,61 Lincoln Street  Suite 112,Framingham,MA,01702,42.28348,-71.41845,800-865-3384,81499.96000000129,636
5445cc47-4b0f-37a6-9223-418b20a0693f,PCP115864,16 WINTER ST,SOUTHBOROUGH,MA,01745-1029,42.299625,-71.52842700000001,,8912.039999999994,69
5465c26c-010a-31f6-b4e1-6cf2657fc6bc,PCP85981,800 WASHINGTON ST,NORWOOD,MA,02062-3487,42.187364,-71.195971,,7620.439999999994,59
580414e6-7ed5-36e1-8705-1c9cf627a28e,ROBERT J OBRIEN JR MD AND ASSOC PC,833 MAIN ST,MELROSE,MA,02176-2715,42.455723,-71.05901899999999,781-729-4878,3874.7999999999984,30
5844ad77-f653-3c2b-b7dd-e97576ab3b03,BAYSTATE WING HOSPITAL AND MEDICAL CENTERS,40 WRIGHT STREET,PALMER,MA,01069,42.187794,-72.30846899999997,4132837651,136237.92000000272,1077
588e03bd-91bc-3442-be9e-66c18ba36c0c,KHOURY CHIROPRACTC  INC.,116 MECHANIC ST,BELLINGHAM,MA,02019-1678,42.076682,-71.47449,508-966-3777,26606.959999999974,206
58fa71de-2295-33b8-8932-176a72078898,PCP4047,265 PLEASANT ST,ROCKLAND,MA,02370-1280,42.129251000000004,-70.908736,781-878-6962,11366.07999999999,88
592c7848-5619-3d11-b158-488fb330ee00,PCP348282,501 MAIN ST,DENNIS,MA,02638-1911,41.706123,-70.164823,,3616.4799999999987,28
5bba1a73-d276-3664-81ca-d6057b5b19e5,MERCY FAMILY PRACTICE PC,250 GREEN ST,GARDNER,MA,01440-1377,42.584206,-71.988737,978-632-6445,4262.279999999998,33
5c028435-0cca-3c7b-b497-42878304f48e,PCP185772,WILLIAM R NOLAN JR DC,DANVERS,MA,01923,42.574174,-70.95051600000001,,8912.039999999994,69
5d4b9df1-93ae-3bc9-b680-03249990e558,HOLYOKE MEDICAL CENTER,575 BEECH STREET,HOLYOKE,MA,01040,42.211656,-72.642448,4135342500,327601.36999999307,2585
5db9c918-9e4d-38bb-a94c-2c031fcb6fb0,CRABBE CHIROPRACTIC  INC,132 S MAIN ST,ACUSHNET,MA,02743-2772,41.718216999999996,-70.901151,508-998-2800,5037.239999999997,39
5e765f2b-e908-3888-9fc7-df2cb87beb58,STURDY MEMORIAL HOSPITAL,211 PARK STREET,ATTLEBORO,MA,02703,41.931653,-71.294503,5082225200,287355.03000000096,2287
5f0a1caa-7e67-3777-babb-c06f9cb1b118,SAINT VINCENT PHYSICIAN SERVICES INC,813 SOUTHBRIDGE ST,AUBURN,MA,01501-1323,42.198708,-71.846006,508-832-0173,4649.7599999999975,36
5f5140f3-df3b-3af2-bc42-a671fc6a5a28,PCP137171,17 N AVE,ROCKLAND,MA,02370-2123,42.129251000000004,-70.908736,,12528.51999999999,97
6040b2da-71a1-3d12-a777-427cbb929931,PCP231204,46 MAIN RD,MONTGOMERY,MA,01085-9522,42.220395,-72.834999,413-862-3400,4391.439999999998,34
60457c13-adb2-3415-82c5-86ab5dab5f93,BAYSTATE MEDICAL CENTER,759 CHESTNUT STREET,SPRINGFIELD,MA,01199,42.115454,-72.539978,4137940000,63494.93000000073,517
6103d742-31b1-3e24-9552-034b3b85ae3d,MASSACHUSETTS GENERAL PHYSICIANS ORGANIZATION  INC,311 SERVICE RD,EAST SANDWICH,MA,02537-1370,41.734214,-70.430683,508-833-4000,11366.07999999999,88
61375750-0356-3ece-8d48-fe388c5ee18f,COMMUNITY PHYSICIANS ASSOC INC,100 HIGHLAND ST,MILTON,MA,02186-3881,42.241557,-71.082432,617-698-0099,9041.199999999993,70
616aa60c-0364-3315-ae16-7133ae5181bd,PCP167233,336 MAIN ST,WAKEFIELD,MA,01880-5013,42.50436,-71.064061,,11236.919999999991,88
61b5df88-742c-3ed7-aa4e-c681665bf99a,PCP144578,630 BOSTON RD,BILLERICA,MA,01821-3783,42.559673,-71.260947,,6587.159999999995,51
62fa9127-485f-3032-87cc-6576d91fec94,LAHEY CLINIC NORTHSHORE,1 ESSEX CENTER DRIVE,PEABODY,MA,1960,42.5369864,-70.9465423,978-538-4000,0.0,742
64a9eaf6-3eef-3149-988c-3436d918d805,PCP119483,54 FAIRFIELD ST,CAMBRIDGE,MA,02140-1911,42.376043,-71.11868,,9816.159999999993,76
65a74939-6441-32c0-bd3e-00b951c968e1,PCP9047,584 HIGH ST,DEDHAM,MA,02026-1807,42.246871999999996,-71.179462,781-471-4338,5037.239999999997,39
66e57e95-78f4-38b9-bd2e-20fadbc2e34a,CHIROPRACTIC CARE CENTERS INC,503 ELECTRIC AVE,FITCHBURG,MA,01420-5371,42.601977000000005,-71.81586999999999,978-353-7716,9041.199999999993,70
686f49cf-d7d6-3368-b554-9483b0f9f1cf,MORTON SURGICAL  P.C.,72 WASHINGTON ST,TAUNTON,MA,02780-2470,41.903324,-71.094987,508-824-4535,3874.7999999999984,31
69176529-fd1f-3b3f-abce-a0a3626769eb,MOUNT AUBURN HOSPITAL,330 MOUNT AUBURN STREET,CAMBRIDGE,MA,02138,42.375967,-71.118275,6174923500,288569.1700000008,2296
6ade82be-b7cc-34f6-b992-de16d4c1f9dc,SOUTHCOAST PHYSICIANS GROUP  INC..,300 A FAUNCE CORNER RD,NORTH DARTMOUTH,MA,02747-1280,41.646686,-70.999158,,7878.759999999994,61
6b917120-a4d4-36f1-896b-0929f9bf5d77,CARL GUSTAFSON LLC,141 BOSTON POST RD,SUDBURY,MA,01776-2405,42.383367,-71.42107,781-541-5111,12528.51999999999,97
6be05ccf-ef94-341f-a2a3-1cf9bfde1b18,ADCARE HOSPITAL OF WORCESTER INC,107 LINCOLN STREET,WORCESTER,MA,01605,42.269478,-71.807783,5087999000,35648.16000000005,279
6e62e63b-c39a-3211-99d8-8b8f0f06774e,GREAT BROOK VALLEY HEALTH CENTER,19 TACOMA STREET,WORCESTER,MA,1605,42.3023113,-71.7661395,508-852-1805,0.0,282
6f122869-a856-3d65-8db9-099bf4f5bbb8,LAHEY HOSPITAL & MEDICAL CENTER  BURLINGTON,41 & 45 MALL ROAD,BURLINGTON,MA,01803,42.503227,-71.201713,7817445100,274490.8200000037,2159
6f30e0bc-bef3-33e0-a1f3-400d919f7c59,PCP80741,23 VILLAGE INN RD,WESTMINSTER,MA,01473-1660,42.5546,-71.90544,978-875-6200,9170.359999999993,71
6f72fdcc-46a5-330a-b956-d915dd5cbc0a,PCP102335,216 CENTRE ST,MALDEN,MA,02148-5526,42.42938,-71.058706,,11366.07999999999,88
6ffe62de-5d90-3cc7-be16-643a7496c817,PCP8458,601 AMHERST RD,SUNDERLAND,MA,01375-9466,42.466691,-72.546751,413-665-3336,7232.959999999995,56
700056a6-3aea-3efd-8423-a9acbd38a5ea,ROUTE 44 MEDICAL WALK-IN,106 UNITED STATES HIGHWAY 44,RAYNHAM,MA,2767,41.9051941,-71.0609995,508-824-1476,0.0,41
7116c200-6663-3503-8314-1ee16845e5d3,SAINTS WALK-IN MEDICAL CENTER - URGENT CARE AND OCCUPATIONAL HEALTH,85 PARKHURST ROAD,CHELMSFORD,MA,1824,42.6257767,-71.3593401,978-458-6868,0.0,31
72a10c1a-ee7c-3a01-97b1-33f63244c13e,Edith Nourse Rogers Memorial Veterans Hospital (Bedford VA),200 Springs Rd.,Bedford,MA,01730,42.503376,-71.272644,781-687-2000,24101.249999999978,189
73fa0d4b-31c1-3c12-af7f-39065b59ba5f,CENTER FOR HUMAN DEVELOPMENT  INC.,246 PARK ST,WEST SPRINGFIELD,MA,01089-3314,42.125451,-72.649734,413-737-4718,10978.599999999991,86
74086554-9256-3f1f-9bfb-ef7237391d25,PCP23574,104 WHALON ST,FITCHBURG,MA,01420-7185,42.601977000000005,-71.81586999999999,978-345-5200,3616.4799999999987,28
740b5dfb-075d-3b29-8052-55d810031939,PCP135446,87 METACOMET ST,BELCHERTOWN,MA,01007-9795,42.27901,-72.400468,,10332.799999999992,80
7421405c-6f9c-3a00-b83d-018d05c56918,ESSEX COUNTY OBGYN ASSOC INC,298 WASHINGTON ST,GLOUCESTER,MA,01930-4832,42.62885,-70.685875,978-927-4800,4520.599999999998,35
74e00d14-2bbf-3cf3-ae7a-71077abf5f3c,PCP148,175 ELM ST,SALISBURY,MA,01952-1828,42.844794,-70.841499,978-828-2053,9299.519999999993,72
75bc27b3-2841-3c4f-9069-13bed81bfa6c,PCP168395,181 STATE RD,WHATELY,MA,01093,42.430995,-72.642437,,19632.31999999998,153
7638b2b1-dbae-3cf5-bd72-676b736b7c87,STREFF ASSOCIATES  LLC,132 GREAT RD,STOW,MA,01775-1189,42.429688,-71.512514,978-263-04395,16919.959999999985,131
76a80350-916e-3fc9-8fed-2c8c4b36c42f,NORTH SUFFOLK MENTAL HEALTH ASSOCIATION  INC.,301 BROADWAY,CHELSEA,MA,02150-2807,42.396824,-71.031348,617-912-7900,8782.879999999994,68
7828e5ea-1d0c-3cb2-a168-cbca730c12ee,A PLUS CHIROPRACTIC MANAGEMENT INC,2360 CRANBERRY HWY,WEST WAREHAM,MA,02576-1208,41.791736,-70.75787199999999,508-273-0190,23507.119999999977,182
7834877b-2072-3d79-9137-d5ee86c7503f,PCP259674,50 MEMORIAL DR,LEOMINSTER,MA,01453-2238,42.520876,-71.770611,978-840-0400,8137.079999999994,63
7a146a36-8ec0-3452-b486-0b6894af0458,PCP9095,10 S MAIN ST,BELCHERTOWN,MA,01007-9401,42.27901,-72.400468,413-323-8554,7232.959999999995,56
7af15bd8-12c4-397b-8018-a1dd2c1085a7,PCP131692,199 REEDSDALE RD,MILTON,MA,02186-3926,42.241557,-71.082432,,8137.079999999994,63
7b1ba895-0a48-303f-981d-f41766fcaacc,PCP105182,78 MCKAY ST,BEVERLY,MA,01915-3031,42.556659,-70.84496,978-927-2270,5683.039999999996,44
7b76c6b3-c413-3293-914a-fcf8195f32bc,HALLMARK HEALTH MEDICAL ASSOCIATES INC,109 COMMERCIAL ST,MALDEN,MA,02148-5509,42.42938,-71.058706,781-388-4160,20794.75999999998,161
7c29cf46-3da7-39b3-906c-44efe4ba3c97,PCP66942,426 S ST,PITTSFIELD,MA,01201-8228,42.451840000000004,-73.260685,413-496-9272,7878.759999999994,61
7ce4229c-f2de-3004-8983-02dc9bf2f990,PCP131623,103 MYRON ST,WEST SPRINGFIELD,MA,01089-1485,42.125451,-72.649734,,11107.759999999991,86
7d499cd2-65d6-3885-9ce4-95ea11b51d8f,MASSACHUSETTS GENERAL PHYSICIANS ORGANIZATION  INC,19 NORWOOD ST,EVERETT,MA,02149-2709,42.405938,-71.054649,617-394-7500,6070.519999999996,47
7dbf8d9d-fc47-39df-9e54-649d6eb4f8d3,PCP156597,77 WARREN ST,BRIGHTON,MA,02135-3601,42.33196,-71.020173,,7232.959999999995,56
7dcb5cb6-5c36-3c80-9e8c-eca5319ee530,RIVERSIDE COMMUNITY CARE INC,78 COLLEGE AVE,SOMERVILLE,MA,02144-1916,42.390445,-71.101033,617-623-5487,5166.399999999997,40
7fb56531-86bd-3e4a-8619-4df9942da309,BETH ISRAEL DEACONESS HOSPITAL - NEEDHAM,148 CHESTNUT STREET,NEEDHAM,MA,02494,42.281593,-71.242414,7814533002,146105.78000000303,1162
7fb56fd2-71ad-336a-9204-57765bd1e5d4,PCP26624,425 N RD,HAMPDEN,MA,01036-9535,42.071188,-72.41771800000001,413-566-8503,5295.559999999997,41
7fee7d3e-4b7d-3238-86f1-96700562897c,PCP223767,200 PROVIDENCE HWY,DEDHAM,MA,02026-1881,42.246871999999996,-71.179462,781-326-1464,9170.359999999993,72
7ffe74ac-786d-3c6d-bcb9-323352f6149c,CONCENTRA URGENT CARE - SPRINGFIELD,140 CARANDO DRIVE,SPRINGFIELD,MA,1104,42.1463818,-72.5335973,413-746-4006,0.0,47
80e919cc-df1a-3838-b75e-541564a286e5,NANTUCKET COTTAGE HOSPITAL,57 PROSPECT STREET,NANTUCKET,MA,02554,41.293416,-70.10216899999999,5082281200,197613.84000000422,1636
819a27bd-81d7-3aec-b990-e79062cd0fd0,PCP2795,161 WASHINGTON ST,WALPOLE,MA,02032-1196,42.146285999999996,-71.255604,781-318-8018,6199.679999999996,48
819ad437-19fa-36e7-86f3-54cacd35989d,NANTUCKET COTTAGE HOSPITAL,57 PROSPECT ST,NANTUCKET,MA,02554-2799,41.293416,-70.10216899999999,508-825-8100,9041.199999999993,70
822a6b9f-da15-3cc4-8436-ab61474f19fd,PCP169859,55 HOSPITAL DR,WINCHENDON,MA,01475-1820,42.66816,-72.055644,978-297-2311,17436.599999999984,135
82ee9d10-54f5-32aa-803a-1c6f80f4d74c,PCP80867,241 PERKINS ST,JAMAICA PLAIN,MA,02130-4010,42.33196,-71.020173,617-699-9876,10461.959999999992,81
8383a576-10a5-37f6-9707-3c88bf1c9b9a,PCP64932,35 BEDFORD ST,LEXINGTON,MA,02420-4320,42.445221999999994,-71.23001500000001,781-861-1291,4649.7599999999975,37
866f38cd-af49-36c2-a073-ee031c7609cd,READING FAMILY MEDICINE PC,30 NEW CROSSING RD,READING,MA,01867-3270,42.535183,-71.105423,781-942-0380,5295.559999999997,41
86f868e9-3325-3019-98d9-34ca2dc11f20,TANZMAN MASELLI AND ASSOCIATES PC,151 ASHLAND ST,N ADAMS,MA,01247-4522,42.675549,-73.11810799999998,413-662-2020,17953.239999999983,140
88b48efa-fd39-3f7a-a554-3d2c84465f71,ORTHOPAEDIC ASSOCIATES INC,1153 CENTRE ST,JAMAICA PLAIN,MA,02130-3446,42.33196,-71.020173,617-522-9461,3745.6399999999985,29
8ad64ecf-c817-3753-bee7-006a8e662e06,MORTON HOSPITAL,88 WASHINGTON STREET,TAUNTON,MA,02780,41.903323,-71.094984,5088287000,210659.72000000466,1682
8b372f3b-8269-325b-99c1-b7e8b581ae34,PCP135256,61 LINCOLN ST,FRAMINGHAM,MA,01702-8264,42.307905,-71.436196,508-879-5040,4003.959999999998,31
8b58cdd1-3d79-3126-8fe0-da2c54d6805c,CARNEY HOSPITAL,2100 DORCHESTER AVENUE,BOSTON,MA,02124,42.33196,-71.020173,6175062000,47143.40000000036,369
8b607111-30ff-3014-bf43-3a9d61993538,CHAMPIONSHIP PHYSICAL THERAPY LLC,57 PUTNAM ST,WINTHROP,MA,02152-2902,42.375541,-70.970646,617-846-5609,3745.6399999999985,29
8e023628-af4e-328c-9647-9074c707396c,PCP191244,124 WATERTOWN ST,WATERTOWN,MA,02472-2500,42.369451,-71.177925,617-923-2323,5683.039999999996,44
8e65bfae-f627-32e8-bce0-b44f7130befe,PCP29121,10 LONGWOOD DR,WESTWOOD,MA,02090-1123,42.219645,-71.216768,781-329-4433,11882.71999999999,92
8e7be35d-c07f-300c-bd19-ffd1933e3e8f,POSTUM EYE CARE INC,100 VALLEY PKWY,WHITINSVILLE,MA,01588-1743,42.119228,-71.67182199999999,508-234-4678,7749.599999999994,60
8f8511a3-705e-341a-b7b8-b536f9fb376f,PCP39336,955 MAIN ST,WINCHESTER,MA,01890-4303,42.452752000000004,-71.144319,781-729-3008,5166.399999999997,40
8fbdc477-d05c-3d67-96f1-4fbf1b08102d,KAREN HOLMES PHYSICAL THERAPY  LLC,191 ELM ST,SALISBURY,MA,01952-1814,42.844794,-70.841499,978-499-1870,7491.279999999994,58
90cf148c-69ed-3d33-aa86-b509c6b0b25f,PROMPT CARE WALK-IN CLINIC,170 GOVERNORS AVENUE,MEDFORD,MA,2155,42.4259086,-71.1113649,781-306-6180,0.0,474
91889eee-22a8-3d9a-8e1d-3e55784a21f0,PCP166478,6 COURTHOUSE LN,CHELMSFORD,MA,01824-1725,42.597055,-71.3697,,5295.559999999997,41
934f4ea8-157d-3c1e-806b-7f8a9ec92a84,PCP133048,470 GRANBY RD,SOUTH HADLEY,MA,01075-3218,42.256208,-72.58103,,9945.319999999992,77
938dc1e4-347e-3b82-aef0-be7475ce9658,PCP100295,700 ATTUCKS LN,HYANNIS,MA,02601-1813,41.647227,-70.249978,,4649.7599999999975,36
956ccb85-bea0-30f9-af48-52f5dd95ff72,FRANCISCAN CHILDREN'S HOSPITAL & REHAB CENTER,30 WARREN STREET,BRIGHTON,MA,02135,42.33196,-71.020173,6172543800,51354.01000000047,413
95ada8d8-9f38-3030-9e12-61acb7632fa5,PCP33045,1074 MAIN ST,WEST BARNSTABLE,MA,02668-1142,41.662727,-70.357208,508-362-1180,7491.279999999994,58
9643bcaf-1f4d-3b2f-b0ff-b5d0cc319a47,PCP158387,1 CHARLES ST,DORCHESTER,MA,02122-1403,42.33196,-71.020173,,4778.919999999997,37
9869c919-f57b-3661-a2a0-66448f9c2db1,NORTHAMPTON RADIOLOGIC ASSOCIATES  INC.,70 MAIN ST,FLORENCE,MA,01062-1466,42.327044,-72.67463000000002,413-774-6301,8782.879999999994,68
9873b0a6-2104-34f2-a2ec-924223ef0ae5,STEWARD MEDICAL GROUP  INC,736 CAMBRIDGE ST,BRIGHTON,MA,02135-2907,42.33196,-71.020173,617-526-7026,8007.919999999994,62
9a7149fa-49fc-3c87-b935-d29c55808717,NEW ENGLAND BAPTIST HOSPITAL,125 PARKER HILL AVENUE,BOSTON,MA,02120,42.33196,-71.020173,6177545800,33064.95999999998,258
9b1f70d0-e48a-3bb5-8900-6580a13d5596,OUTER CAPE HEALTH SERVICES INC,3130 STATE HWY RTE 6,WELLFLEET,MA,02667-7402,41.916805,-70.0271,508-349-3131,8007.919999999994,62
9b437641-29ee-37a9-99ed-cb224f28bc09,PCP168999,3 FRANKLIN CMNS,FRAMINGHAM,MA,01702-6619,42.307905,-71.436196,508-879-8388,3616.4799999999987,28
9b5f23f1-c387-3a77-9359-752d26d7f997,FAMILY DOCTORS,250 PARADISE ROAD,SWAMPSCOTT,MA,1907,42.47636,-70.9125322,781-596-4150,0.0,42
9be53aec-ec1e-3681-bdc9-6fe0c25ec904,PCP67787,747 MAIN ST,CONCORD,MA,01742-3326,42.462911,-71.364496,978-369-7070,11753.55999999999,91
9d4bbb88-396c-33ad-ab6a-d2592eac9c74,PCP198442,20 HOPE AVE,WALTHAM,MA,02453-2717,42.388921,-71.24226800000001,781-893-3333,5424.719999999997,42
a0a14713-50c4-3818-b0cb-8c2047f1458c,BAY STATE PHYSICAL THERAPY OF RANDOLPH PC,7 HERRING POND RD,CEDARVILLE,MA,02360-6903,41.888191,-70.59996600000002,508-833-5180,13303.479999999989,103
a0b6ec0c-e587-3b2a-bf9f-248849f29ee5,ST ELIZABETH'S MEDICAL CENTER,736 CAMBRIDGE STREET,BRIGHTON,MA,02135,42.33196,-71.020173,6177893000,22215.51999999998,184
a13937fa-4125-320b-9086-32e8660581cf,MOIRA L MCDERMOTT LOWER CAPE PODIATRY,4 GRANITE STATE COURT,BREWSTER,MA,02631,41.747513,-70.066223,508-432-3907,8395.399999999994,65
a169e166-6db0-3ae6-93ac-bfcba0271b9d,PCP159984,2034 A CENTRE ST,WEST ROXBURY,MA,02132-3326,42.33196,-71.020173,,8912.039999999994,69
a1bedf73-1a07-3f12-b93d-1c0aff4fdb8e,SAPERIA ORTHOPAEDICS AND SPORTS MEDICINE INC,72 WASHINGTON ST,TAUNTON,MA,02780-2491,41.903324,-71.094987,508-824-1824,10074.479999999992,78
a1ef6330-7fb0-33e8-9622-01506abb1490,PCP49110,64 MACY ST,RAYNHAM,MA,02767-1328,41.930477,-71.046214,774-409-7395,5553.8799999999965,44
a369fdd9-db24-3a43-9c8b-9b1679b55fc5,PCP21971,601 NEWTON ST,SOUTH HADLEY,MA,01075-2066,42.256208,-72.58103,413-534-7200,5812.199999999996,45
a43fb751-96fe-3496-8750-73f85651866d,CONCENTRA URGENT CARE - WILMINGTON,66B CONCORD STREET,WILMINGTON,MA,1887,42.5587666,-71.1368606,978-657-3826,0.0,21
a441cbca-6d65-33ff-980c-d8e58235b7e5,PRIMA CARE PC,67 SLADE'S FERRY BOULEVARD,SOMERSET,MA,02726-1220,41.738479,-71.165065,508-676-3292,14853.399999999987,115
a44b37da-aa9b-37f0-993e-26e58974e086,PCP27951,727 HIGH ST,WESTWOOD,MA,02090-2598,42.219645,-71.216768,781-329-5446,12141.03999999999,94
a5207d31-ad44-3807-9b19-03da35e04294,PCP118141,229 E MAIN ST,MILFORD,MA,01757-2832,42.158691999999995,-71.521419,508-473-2501,6070.519999999996,47
a76bda1d-f42d-3046-b8c6-021f3db0a086,WALK IN AND PRIMARY CARE,808 MAIN STREET,WALTHAM,MA,2451,42.3760766,-71.242893,781-894-8200,0.0,49
a871f568-0425-3a90-aaff-67f2235b788d,BAY STATE PHYSICAL THERAPY OF RANDOLPH PC,186 SUMMER ST,KINGSTON,MA,02364-1282,41.987196000000004,-70.74194200000001,781-585-8588,6199.679999999996,48
a95684bd-b222-3e5e-8d18-805e5ae45705,PCP309472,86 ASHLEY AVE,WEST SPRINGFIELD,MA,01089-1302,42.125451,-72.649734,,13045.159999999989,101
a9afd4c9-8443-3b5a-a486-07c3bb109b3f,RIVER BEND MEDICAL GROUP - CHICOPEE OFFICE - URGENT CARE,444 MONTGOMERY STREET,CHICOPEE,MA,1020,42.1718584,-72.5849672,413-594-3111,0.0,242
a9f20dc1-5147-3789-bcef-bbecb41c5983,HOLY FAMILY HOSPITAL,70 EAST STREET,METHUEN,MA,01844,42.742751,-71.178588,9786870156,40892.050000000185,325
aae540b1-016c-3d53-83c1-c66be3aa906a,MILFORD REGIONAL PHYSICIAN GROUP INC,1003 S MAIN ST,BELLINGHAM,MA,02019-1826,42.076682,-71.47449,508-883-0600,7232.959999999995,56
aafc7529-1a22-32ec-a06d-a6c6163c766e,PERFORMANCE REHABILITATION OF WESTERN NEW ENGLAND LLC,124 BROADWAY,SAUGUS,MA,01906-1094,42.468432,-71.01394599999999,781-941-5002,7620.439999999994,59
ac8356a5-78f8-3a63-8a1e-59e832fd54e7,NASHOBA VALLEY MEDICAL CENTER,200 GROTON ROAD,AYER,MA,01432,42.562221,-71.58484399999998,9787849000,58638.64000000067,462
ad3a23c5-ee9b-361d-96ee-244364c9b63a,PCP4460,7 KIMBALL LN E,LYNNFIELD,MA,01940-2617,42.534146,-71.038333,978-290-7090,8524.559999999994,66
afab4f90-7459-32ee-b0e2-8098e831667d,PCP143030,21 MAIN ST,NORTH READING,MA,01864-2286,42.578222,-71.084398,978-664-1610,7620.439999999994,59
b03dba4f-892f-365c-bfd1-bfcfa7a98d5d,WESTERN MASS PHYSICIAN ASSOCIATES INC,262 NEW LUDLOW RD,CHICOPEE,MA,01020-4488,42.175668,-72.572257,413-552-3250,7620.439999999994,59
b06770b5-b695-3c1a-9685-ae2223966ff7,GENERAL HEALTH CARE,66 SOUTH WASHINGTON STREET,NORTH ATTLEBORO,MA,2760,41.9799756,-71.3329695,508-643-0100,0.0,292
b0e04623-b02c-3f8b-92ea-943fc4db60da,LOWELL GENERAL HOSPITAL,295 VARNUM AVENUE,LOWELL,MA,01854,42.638893,-71.32210699999997,9789376000,224531.4500000053,1811
b1ddf812-1fdd-3adf-b1d5-32cc8bd07ebb,BETH ISRAEL DEACONESS HOSPITAL - PLYMOUTH,275 SANDWICH STREET,PLYMOUTH,MA,02360,41.897892,-70.62403,5087462000,141636.85000000292,1136
b3e30964-03f2-3136-8347-255d16f65d93,PCP21436,379 MAIN ST,YARMOUTH PORT,MA,02675-1819,41.706920000000004,-70.221117,508-362-8828,3616.4799999999987,28
b60f8daf-0362-3c28-9b54-216e7f3e80bd,FALMOUTH HOSPITAL CLINIC AT BOURNE,1 TROWBRIDGE ROAD,BUZZARDS BAY,MA,2532,41.740785,-70.5980121,508-743-0322,0.0,15
b6164b13-8df9-31e0-8412-f25d8860e21f,ANCHOR MEDICAL GROUP AND WELLNESS CENTER PC,85 W ST,WALPOLE,MA,02081-1844,42.146285999999996,-71.255604,508-660-0060,8395.399999999994,65
b7175ab4-bde5-3848-891b-579bccb77c7c,TUFTS MEDICAL CENTER,800 WASHINGTON STREET,BOSTON,MA,02111,42.33196,-71.020173,6176365000,20226.449999999983,172
b81688f5-bd0e-3c99-963f-860d3e90ab5d,URGENT CARE MEDICAL CLINIC,581 BOYLSTON STREET,BOSTON,MA,2116,42.3505548,-71.0766054,617-247-1400,0.0,660
b9b400f9-1c95-3d0e-b6e4-15d5d33304f9,PCP97541,94 N ELM ST,WESTFIELD,MA,01085-1641,42.138838,-72.755911,,5683.039999999996,44
ba10ae09-f51a-31ed-a6ef-44562023c214,SOUTH COUNTY PHYSICAL THERAPY INC,489 WASHINGTON ST,AUBURN,MA,01501-2568,42.198708,-71.846006,508-832-2628,4003.959999999998,31
bb631f07-f921-3465-b3ad-521ac8cab13b,PCP220707,1180 BEACON ST,BROOKLINE,MA,02446-3872,42.323853,-71.142003,617-277-0939,3874.7999999999984,30
bcb26f1b-a37d-37dd-8819-c5dd6b6d9f74,PCP111254,22 PLEASANT ST,WEST BRIDGEWATER,MA,02379-1506,42.021617,-71.026717,,5553.8799999999965,43
bcd7d210-e670-3064-8284-69db0a20211a,PCP306890,966 PARK ST,STOUGHTON,MA,02072-3672,42.119006,-71.10365,781-344-7673,4003.959999999998,31
be4c63f3-8d38-3fa9-a183-62045b5c85f6,VA Boston Healthcare System  Jamaica Plain Campus,150 South Huntington Avenue,Jamaica Plain,MA,02130,42.32809,-71.11076,617-232-9500,595246.7699999721,4828
bf0bb03e-69c9-30f8-ae56-14913d5a71c5,PCP17973,12 CORSER ST,HOLYOKE,MA,01040-2227,42.211656,-72.642448,413-237-2430,6457.999999999995,50
bfc71898-9ad0-3959-828d-fa8d2e8f296f,STURDY MEMORIAL ASSOCIATES  INC.,281 COUNTY ST,ATTLEBORO,MA,02703-3511,41.931653000000004,-71.294503,508-226-2213,6070.519999999996,47
c0aa05be-e636-316f-80d7-8b0b5d2eb194,EAST BOSTON NEIGHBORHOOD HEALTH CENTER URGENT CARE,10 GOVE STREET,BOSTON,MA,2128,42.3719882,-71.0386237,617-567-3600,0.0,10
c2128582-91b3-31c0-8ddd-988d43cbc166,RIVERSIDE COMMUNITY CARE INC,5 SACRAMENTO ST,CAMBRIDGE,MA,02138-1812,42.376043,-71.11868,617-354-2275,8137.079999999994,63
c3345b16-4ce8-34df-a73f-b548d6012d99,SOUTH BAY MENTAL HEALTH CENTER  INC.,35 CONGRESS ST,SALEM,MA,01970-7312,42.499248,-70.898204,978-542-1951,9816.159999999993,76
c44f361c-2efb-3050-8f97-0354a12e2920,SIGNATURE HEALTHCARE BROCKTON HOSPITAL,680 CENTER STREET,BROCKTON,MA,02302,42.082543,-71.024638,5089417000,166823.02000000357,1314
c63d0602-724d-3d74-958a-a31b1364eaef,HARVARD VANGUARD BRAINTREE PRACTICE URGENT CARE,111 GROSSMAN DRIVE,BRAINTREE,MA,2184,42.21004,-70.999539,781-849-1000,0.0,189
c70f789a-e244-3048-bbb7-c786d3f5de9b,BICKFORD HEALTH ASSOCIATES PC,714 MAIN ST,YARMOUTH PORT,MA,02675-2000,41.706920000000004,-70.221117,508-362-1600,7491.279999999994,58
c7459800-e42b-3144-a934-59585c9eacff,PCP170967,1111 ELM ST,WEST SPRINGFIELD,MA,01089-1540,42.125451,-72.649734,413-221-0546,10978.599999999991,85
c8b25caa-eaf0-3f1a-a2b8-b2daa526618a,PCP205980,24 MASSACHUSETTS AVE,LUNENBURG,MA,01462-1248,42.582607,-71.720464,,35777.32000000005,277
ca960833-41ab-3cab-b1f0-192cf26727d1,SOUTHCOAST PHYSICIANS GROUP  INC..,1030 PRESIDENT AVE,FALL RIVER,MA,02720-5929,41.725351,-71.094162,508-973-1780,14853.399999999987,115
cb6a50e0-af76-3758-99ad-3200ede03fff,BETH ISRAEL DEACONESS MEDICAL CENTER,330 BROOKLINE AVENUE,BOSTON,MA,02215,42.33196,-71.020173,6176677000,15757.519999999986,123
cbbee84d-7644-3b24-9f41-e3747f5050df,FAMILY HEALTH CENTER,26 QUEEN STREET,WORCESTER,MA,1610,42.2590345,-71.8139319,508-860-7777,0.0,80
cc648e4d-ae3a-3933-930e-f1f34189eb97,PCP19816,361 WASHINGTON ST,WESTWOOD,MA,02090-1801,42.219645,-71.216768,781-326-3571,12786.83999999999,100
cca33ef5-6b78-3960-9c74-43f6ba7b89ae,HARRINGTON MEMORIAL HOSPITAL  INC.,100 S ST,SOUTHBRIDGE,MA,01550-4051,42.059669,-72.03404,,7491.279999999994,58
ccdd9f7d-8010-38ae-9607-a951a6f2084e,PCP34714,8 BURNHAM ST,TURNERS FALLS,MA,01376-1816,42.597445,-72.555278,413-801-2949,9945.319999999992,77
ccfa9a1e-d003-3997-acd1-6f4b1c79b83c,NEW ENGLAND CONSULTANTS IN GASTROENTEROLOGY AND HEPATOLOGY PC,43 LINCOLN ST,FRAMINGHAM,MA,01702-8205,42.307905,-71.436196,508-872-0508,4133.119999999998,32
d0b017aa-7bb3-3681-b0e4-f6031796f837,SOUND PHYSICIANS OF MASSACHUSETTS INC,1400 STATE ST,SPRINGFIELD,MA,01109-2550,42.115454,-72.539978,413-797-6700,5295.559999999997,41
d11326fd-9ee8-321f-a9d6-382f526d2b94,ELITE SPORTS INC,97 GREEN ST,FOXBOROUGH,MA,02035-2865,42.061338,-71.245802,781-297-0979,8395.399999999994,65
d224247d-6fc0-395e-9bd2-b4c325d55b5d,PCP28161,162 GREAT RD,ACTON,MA,01720-5760,42.483953,-71.43849499999999,978-264-0060,6716.319999999995,53
d311e70d-86e7-3c03-b115-53892bcf7ef1,Worcester Outpatient Clinic,605 Lincoln Street,Worcester,MA,01605,42.297756,-71.766815,508-856-0104 Or 508-856-0104,330003.7999999927,2650
d32d8049-07fd-3692-9c16-1915fd26afad,PCP89345,990 PARADISE RD,SWAMPSCOTT,MA,01907-1395,42.468059000000004,-70.89126,,4003.959999999998,31
d5117822-5756-389d-9547-891a372d580f,FALMOUTH HOSPITAL,67 & 100 TER HEUN DRIVE,FALMOUTH,MA,02540,41.57072,-70.556682,5085485300,215283.4500000041,1728
d588c607-ff8f-35a8-ae27-c5852ea362c6,PCP74240,200 N MAIN ST,EAST LONGMEADOW,MA,01028-2354,42.062378,-72.498111,413-525-7522,10849.439999999991,84
d672f853-e2a5-324e-98fa-c6d5f8dfc255,WALTHAM URGENT CARE,9 HOPE AVENUE,WALTHAM,MA,2453,42.3700513,-71.2490152,617-243-5591,0.0,81
d692e283-0833-3201-8e55-4f868a9c0736,HALLMARK HEALTH SYSTEM,585 LEBANON STREET,MELROSE,MA,02176,42.455723,-71.05901899999998,7819793000,561587.3499999634,4466
d6c83c6a-f78f-3e23-a2f4-444f9519d576,HOLLISTON VISION CENTER INC,841 WASHINGTON ST,HOLLISTON,MA,01746-1690,42.195951,-71.45343000000001,508-429-1330,5941.359999999996,46
d71ace90-0787-39a4-a884-6b23118a7f11,PCP68244,18 MOORE ST,BELMONT,MA,02478-2525,42.395317,-71.180284,617-489-4888,3616.4799999999987,28
d733d4a9-080d-3593-b910-2366e652b7ea,BRIGHAM AND WOMEN'S FAULKNER HOSPITAL,1153 CENTRE STREET,BOSTON,MA,02130,42.33196,-71.020173,6179837000,34227.40000000001,270
d78e84ec-30aa-3bba-a33a-f29a3a454662,MASSACHUSETTS GENERAL HOSPITAL,55 FRUIT STREET,BOSTON,MA,02114,42.33196,-71.020173,6177262000,57734.520000000644,455
d7b11827-25f2-350b-bcd8-939fc59851b0,BOSTON CHILDREN'S HOSPITAL,300 LONGWOOD AVENUE,BOSTON,MA,02115,42.33196,-71.020173,6177356000,51793.160000000484,406
d94c9186-7bed-3d24-88a2-d5bc92d92737,PCP39872,12 ARROW ST,CAMBRIDGE,MA,02138-5105,42.376043,-71.11868,617-893-8752,4262.279999999998,33
d97185b2-da0a-31aa-b017-22305331d699,PCP333972,87 JACKSON ST,METHUEN,MA,01844-5044,42.742751,-71.178588,,4003.959999999998,31
d9a6eed0-e314-3000-aba8-83d425f0024f,MINUTECLINIC DIAGNOSTIC OF MASSACHUSETTS  LLC,300 CANAL ST,SALEM,MA,01970-4558,42.499248,-70.898204,866-389-2727,7232.959999999995,56
db0acede-4abe-3c01-8d03-5c68a190d8c7,SOUTH SHORE HOSPITAL,55 FOGG ROAD,SOUTH WEYMOUTH,MA,02190,42.24158900000001,-71.082651,7813408000,171859.90000000346,1400
dce6ce7f-7e6e-3035-aaad-46379b6d0bf0,PCP44113,1236 MAIN ST,HOLYOKE,MA,01040-5370,42.211656,-72.642448,413-406-8380,6070.519999999996,47
dd43b798-6c99-3cdb-bd19-65f1cc2a370d,PCP34565,410 A SWAMP RD,RICHMOND,MA,01254-0428,42.383497,-73.359187,413-698-8123,19373.99999999998,150
de3b4863-ef19-3d0c-818a-e0a7764d7011,PCP130455,500 W CUMMINGS PARK,WOBURN,MA,01801-6541,42.488769,-71.154438,,3616.4799999999987,28
df5a38ee-e493-3572-8f92-bb695aef9891,MID CAPE MEDICAL CENTER,489 BEARSES WAY,HYANNIS,MA,2601,41.6624796,-70.3008223,508-771-4092,0.0,37
e002090d-4e92-300e-b41e-7d1f21dee4c6,CAMBRIDGE HEALTH ALLIANCE,1493 CAMBRIDGE STREET,CAMBRIDGE,MA,02138,42.375967,-71.118275,6176652300,406053.18999997765,3199
e0739d64-3589-3bbe-b8ea-808280085318,PCP33184,290 MAIN ST,COTUIT,MA,02635-3122,41.662727,-70.357208,508-428-5772,9299.519999999993,72
e1152059-6932-3ce8-a8e5-7d6fd5d86bd2,PCP38895,850 SPRINGFIELD ST,FEEDING HILLS,MA,01030-2152,42.064731,-72.653477,413-733-8277,4778.919999999997,37
e268d966-c51d-355b-90a3-edf1748d0b67,ROSMARK PSYCHOLOGICAL SERVICES LLC,186 CABOT ST,BEVERLY,MA,01915-5846,42.556659,-70.84496,978-646-8830,6587.159999999995,51
e3589374-6bee-3d87-9da7-41d467537ccc,HALLMARK IMAGING ASSOCIATES  PC,170 GOVERNORS AVE,MEDFORD,MA,02155-1643,42.423844,-71.10923100000001,781-306-6800,18986.519999999982,148
e3f1676b-9b40-3544-af4e-17a06bbb98bb,CODMAN SQUARE HEALTH CENTER,637 WASHINGTON STREET,DORCHESTER,MA,2124,42.2894365,-71.0719941,617-825-9660,0.0,153
e44f438a-601b-30fb-85eb-bfaf8ddcb5ad,HEYWOOD HOSPITAL -,242 GREEN STREET,GARDNER,MA,01440,42.586516,-71.988062,9786323420,172945.00000000387,1376
e5722d6d-2861-37d9-ba68-a25d187e587e,RIVERSIDE COMMUNITY CARE INC,450 WASHINGTON ST,DEDHAM,MA,02026-4455,42.246871999999996,-71.179462,781-329-0909,6716.319999999995,52
e6065c61-7e21-3acf-8929-2955eee78596,UMASS MEMORIAL MEDICAL GROUP  INC.,116 BELMONT ST,WORCESTER,MA,01605-2964,42.269478,-71.807783,508-334-1102,3874.7999999999984,30
e63311d4-a173-3921-a0b4-8d14e8045fc1,PIONEER VALLEY CARDIOLOGY ASSOCIATES  INC,2 MEDICAL CTR DR,SPRINGFIELD,MA,01107-1269,42.115454,-72.539978,413-781-5735,6328.839999999996,49
e7be2bea-4a1b-3bac-9874-3b149652461a,PCP32467,3 OAKDALE LN,LINCOLN,MA,01773-1710,42.425506,-71.310812,781-259-9911,11107.759999999991,86
e86f1fe7-2322-3732-bebc-938980487e36,HRI CLINICS  INC.,411 CHANDLER ST,WORCESTER,MA,01602-3339,42.269478,-71.807783,508-799-0688,3745.6399999999985,30
e8a1f232-f360-30d6-806a-8901d99c0787,PCP44556,1 R NEWBURY ST,PEABODY,MA,01960-3816,42.534279,-70.969782,973-535-1606,8007.919999999994,62
ea5419a8-3670-39a7-a49b-0df776df60b2,CAMBRIDGE PUBLIC HEALTH COMMISSION,103 GARLAND ST,EVERETT,MA,02149-5095,42.405938,-71.054649,617-389-6270,6457.999999999995,50
eb41a4ec-fbbe-336c-9987-cae575551845,PCP72673,700 WASHINGTON ST,DEDHAM,MA,02026-4427,42.246871999999996,-71.179462,781-329-8660,4262.279999999998,33
ebc3f5c4-6700-34af-8323-85621c313726,NOBLE HOSPITAL,115 WEST SILVER STREET,WESTFIELD,MA,01085,42.138838,-72.755911,4135682811,125362.69000000246,1006
ecc51621-0af3-3b35-ac3e-8b1e34022e92,SAINT ANNE'S HOSPITAL,795 MIDDLE STREET,FALL RIVER,MA,02721,41.725351,-71.094162,5086745600,282214.4200000023,2225
ed146054-9dd5-3f0b-83df-d29d983039c3,Hyannis Outpatient Clinic,233 Stevens St,Hyannis,MA,02601,41.651745,-70.294235,508-771-3190,83101.40000000123,664
ed33acfb-1834-35d2-9c86-d8772bf33703,MEDICAL CARE OF BOSTON MANAGEMENT CORPORATION,589 HIGHLAND AVE,NEEDHAM,MA,02494-2205,42.281593,-71.242414,781-455-9090,5941.359999999996,46
ed353f5c-41f9-3eb6-8e10-47d3db959d99,MILFORD REGIONAL PHYSICIAN GROUP INC,100 COMMERCE DR,NORTHBRIDGE,MA,01534-1415,42.128937,-71.655787,508-234-6311,5424.719999999997,43
ee394632-cdfa-3709-ac47-eba10a419652,PCP29548,1236 MAIN ST,HOLYOKE,MA,01040-2955,42.211656,-72.642448,413-532-67771,8137.079999999994,63
eeca3319-9cbf-382e-a7ee-43986c981135,TAUNTON WALK IN HEALTH CLINIC,58 TREMONT STREET,TAUNTON,MA,2780,41.9048719,-71.106073,508-822-2311,0.0,13
ef58ea08-d883-3957-8300-150554edc8fb,HEALTHALLIANCE HOSPITALS  INC,60 HOSPITAL ROAD,LEOMINSTER,MA,01453,42.520838,-71.770876,9784662000,198002.28000000442,1557
ef6ab57c-ed94-3dbe-9861-812d515918b3,CAPE COD HOSPITAL,88 LEWIS BAY ROAD,HYANNIS,MA,02601,41.748854,-70.74053599999998,5087711800,226779.1100000052,1800
f09cf501-9c20-3a90-895e-d08fe18aa79a,PCP28216,140 WOOD RD,BRAINTREE,MA,02184-2512,42.205416,-71.00216800000003,781-534-8808,5295.559999999997,41
f1313c7d-3148-335b-adc3-337f15567b82,WINCHESTER HOSPITAL FAMILY MEDICAL CENTER,500 SALEM STREET,WILMINGTON,MA,1887,42.5805281,-71.1438654,978-988-6105,0.0,42
f1fbcbfb-fcfa-3bd2-b7f4-df20f1b3c3a4,LAWRENCE GENERAL HOSPITAL,ONE GENERAL STREET,LAWRENCE,MA,01842,42.700273,-71.161357,9786834000,163386.9800000027,1327
f28ce7cd-867f-3431-99e3-ab62ed072852,PCP140496,454 BROADWAY,REVERE,MA,02151-3050,42.421005,-70.99036,,6974.639999999995,54
f2c890aa-a295-3c61-b35e-bfef8005ff94,NEW ENGLAND COMMUNITY MEDICAL SERVICES PLLC,89 MORTON ST,ANDOVER,MA,01810-2036,42.648044,-71.161751,,4778.919999999997,37
f4e7709c-02f6-37ca-aeea-8247d74e88e7,WINCHESTER HOSPITAL,41 HIGHLAND AVENUE,WINCHESTER,MA,01890,42.452752,-71.144319,7817299000,151246.36000000316,1194
f56121fb-8f1c-3088-b974-b5bb50ea313d,PCP257706,8 RIVER DR,HADLEY,MA,01035-3540,42.356491,-72.568632,413-259-9118,5683.039999999996,45
f576aee3-a640-3b72-85de-0294c44bf0e4,PCP185525,1732 MAIN ST,CONCORD,MA,01742-3837,42.462911,-71.364496,,3745.6399999999985,29
f61f14cb-8061-3fa0-ab90-221cb033eaa0,PCP32281,5 POND RD,HARVARD,MA,01451-1649,42.504256,-71.588513,978-456-3181,4520.599999999998,35
f71ce1a9-cca7-3295-9a1e-c88ac3479b6f,MARLBOROUGH HOSPITAL,157 UNION STREET,MARLBOROUGH,MA,01752,42.349617,-71.547214,5084815000,163103.08000000348,1299
f764c747-7147-3337-b677-a6042ab63268,PCP189356,817 MERRIMACK ST,LOWELL,MA,01854-3548,42.63898,-71.321141,,6457.999999999995,50
f81f4711-b663-35ab-bd7f-40d0aa8f8e26,UMASS MEMORIAL MEDICAL GROUP  INC.,103 MILLBURY ST,AUBURN,MA,01501-3205,42.198708,-71.846006,508-721-4100,904.1199999999999,8
f93e59e2-c0e4-3118-a1c2-3234c6dde120,CHARIS CENTER SOUTH  INC.,604 FOUNDRY ST,EASTON,MA,02334,42.040515,-71.109329,508-947-1901,7749.599999999994,60
f95eebbf-70d7-385e-8e4c-748c79c6d644,Gloucester Community Based Outpatient Clinic (CBOC),199 Main Street,Gloucester,MA,01930,42.613102,-70.66085,800-838-6331,31773.359999999968,248
f99c74cc-7d1a-3f95-9a33-4a9357bf2f2a,UMASS MEMORIAL MEDICAL CENTER INC,55 LAKE AVENUE NORTH,WORCESTER,MA,01655,42.269478,-71.807783,5083341000,74912.80000000111,590
fb278911-40bf-3697-962d-08f729b2e7b8,PCP24334,2000 WASHINGTON ST,NEWTON,MA,02462-1602,42.331876,-71.208402,617-965-2328,6845.479999999995,53
fb28cf4c-955b-32c7-906e-4b9ad6f5678a,LC HOLBROOK  INC.,169 N FRANKLIN ST,HOLBROOK,MA,02343-1111,42.140346,-70.997861,781-767-5200,6199.679999999996,49
fbf6180e-b800-3ebe-b91d-93d0288c400e,BAYSTATE FRANKLIN MEDICAL CENTER,164 HIGH STREET,GREENFIELD,MA,01301,42.614671,-72.597063,4137730211,137761.90000000288,1098
fcf80e67-03a6-36a9-af90-204285386103,PCP26478,8 PICKETT ST,MARBLEHEAD,MA,01945-3566,42.495629,-70.83582,781-639-1710,5941.359999999996,46
fd328395-ab1d-35c6-a2d0-d05a9a79cf11,MERCY MEDICAL CTR,271 CAREW STREET,SPRINGFIELD,MA,01104,42.115454,-72.539978,4137489000,103457.16000000188,821
ff9863d3-3fa3-3861-900e-f00148f5d9c2,SHRINERS' HOSPITAL FOR CHILDREN - BOSTON  THE,51 BLOSSOM STREET,BOSTON,MA,02114,42.33196,-71.020173,6177223000,34098.060000000056,283
