Id,BIRTHDATE,DEATHDATE,SSN,DRIVERS,PASSPORT,PREFIX,FIRST,LAST,SUFFIX,MAIDEN,MARITAL,RACE,ETHNICITY,GENDER,BIRTHPLACE,ADDRESS,CITY,STATE,COUNTY,ZIP,LAT,LON,HEALTHCARE_EXPENSES,HEALTHCARE_COVERAGE
01e1f394-7219-4189-bceb-3cbd90cff90b,1967-07-14,,999-21-9208,S99958394,X3420210X,Mrs.,Ardis509,Littel644,,Baumbach677,M,white,nonhispanic,F,Groton  Massachusetts  US,591 Grant Trace,Lynn,Massachusetts,Essex County,,42.508730700098056,-70.91940684326552,1050516.28,17017.449999999997
0325261f-61eb-46f8-acc6-89d15053fecd,1922-02-14,2007-09-03,999-57-7228,S99950625,X38142002X,Ms.,Guillermina633,Menéndez746,,,S,asian,hispanic,F,Lima  Lima Province  PE,570 Nikolaus Wynd,Cambridge,Massachusetts,Middlesex County,02139,42.37861823772232,-71.13887131827138,1426338.69,55551.73999999999
0447625b-b860-483c-9f30-17ed375b1493,1961-03-14,,999-63-3313,S99912129,X84209676X,Mrs.,Marcelle381,Crooks415,,Fahey393,M,white,nonhispanic,F,Spencer  Massachusetts  US,846 White View,Gardner,Massachusetts,Worcester County,,42.58501974537671,-71.9736070544949,704391.1,6057.679999999999
04630e85-e9f5-4a9b-be75-97f2c3346037,1953-03-07,,999-11-6672,S99913597,X72137272X,Mrs.,Lynette631,Walter473,,Waelchi213,M,white,nonhispanic,F,Medford  Massachusetts  US,730 Bogan Row,Danvers,Massachusetts,Essex County,,42.60440173960424,-70.93066659920434,1376389.7,15031.769999999999
04db6603-0017-4cc6-a46d-6df577b0a10d,1972-09-04,,999-42-7567,S99958032,X10230418X,Mrs.,Angella518,Reynolds644,,Schuster709,M,black,nonhispanic,F,Lynn  Massachusetts  US,328 Hyatt Ferry Suite 38,Leverett,Massachusetts,Franklin County,,42.425905031290434,-72.52612009723094,891540.8,18101.839999999997
076688b0-f0d5-4c45-8bc6-b206684fa9ac,1959-04-24,,999-81-5413,S99922421,X12417642X,Ms.,Manie910,Torp761,,,S,white,nonhispanic,F,Methuen  Massachusetts  US,359 Powlowski Parade,South Hadley,Massachusetts,Hampshire County,,42.222849492012,-72.61427821158982,1289022.37,15285.649999999998
07b30273-070e-47c7-9617-d12785a4c9d5,1973-08-19,,999-22-9908,S99970583,X87463912X,Mrs.,Conchita9,Rolón954,,Villalpando154,M,white,hispanic,F,Juarez  Chihuahua  MX,286 Mraz Esplanade,Holyoke,Massachusetts,Hampden County,01040,42.208555792936345,-72.68149607049135,1051320.51,9097.819999999998
09616ead-22c8-4210-8cb9-2fdc28e043ca,1953-08-03,,999-68-5321,S99927707,X54034630X,Mrs.,Christena299,Lang846,,Reynolds644,M,white,nonhispanic,F,Boston  Massachusetts  US,124 Fadel Dam Apt 81,Attleboro,Massachusetts,Bristol County,02703,41.97618865916085,-71.3242228778937,1454549.42,19494.639999999996
0ace3e15-8aa4-41c5-8b90-2408285ebcfe,1986-04-02,,999-74-5440,S99952014,X44056564X,Mr.,Galen747,Keeling57,,,M,white,nonhispanic,M,Boston  Massachusetts  US,737 Wyman Approach Suite 78,Waltham,Massachusetts,Middlesex County,02472,42.38248027171596,-71.22529112877596,702834.4,3676.3199999999997
0b48619e-1602-488c-a23b-3d4937153dff,1986-06-02,,999-47-8450,S99938492,X81747344X,Mrs.,Mario764,Kautzer186,,Casper496,M,white,nonhispanic,F,Agawam  Massachusetts  US,381 Wolff Parade Apt 91,Brockton,Massachusetts,Plymouth County,02351,42.06413159837326,-71.0694338991359,248921.48,4745.359999999999
0d270daf-d227-4461-a6bd-256676bdf824,1961-12-13,,999-54-8893,S99967470,X40311840X,Mr.,Emilio417,Amador986,,,M,white,hispanic,M,Mexico City  Mexico City  MX,566 Schroeder Divide Unit 67,Boston,Massachusetts,Suffolk County,02118,42.37402784164887,-71.03964430153226,1209835.94,5790.2
0f5646bc-a156-4ec0-9252-5b592e3d3184,1997-12-14,,999-45-8311,S99971449,X22361696X,Mr.,Mickey576,Crist667,,,,white,nonhispanic,M,Leominster  Massachusetts  US,777 McDermott Path Suite 0,Lynn,Massachusetts,Essex County,,42.4676385782019,-70.92435306412334,482002.73,3627.16
10339b10-3cd1-4ac3-ac13-ec26728cb592,1992-06-02,,999-27-3385,S99972682,X73754411X,Mr.,Jayson808,Fadel536,,,M,white,nonhispanic,M,Springfield  Massachusetts  US,1056 Harris Lane Suite 70,Chicopee,Massachusetts,Hampden County,01020,42.181642300277424,-72.60884222581657,574111.9,2606.3999999999996
11e1992a-28b9-4ee8-bb7f-1c3a7041b57d,1948-07-04,,999-41-1321,S99941808,X36371954X,Ms.,Alease857,Strosin214,,,S,asian,nonhispanic,F,Pepperell  Massachusetts  US,1057 Sawayn Track Suite 67,Pittsfield,Massachusetts,Berkshire County,01201,42.42310865895577,-73.24005626639033,1464950.6,16987.589999999997
12540ff0-7817-40f4-8b55-a19926736785,1999-09-02,,999-85-6147,S99994896,X19855804X,Mr.,Jc393,Waters156,,,,white,nonhispanic,M,Holyoke  Massachusetts  US,986 Price Road,Yarmouth,Massachusetts,Barnstable County,,41.70568522526946,-70.26260337050945,423650.68,2711.44
13b9a676-7cfd-4b7c-bdb6-43ec52b7c919,1914-09-05,1977-03-30,999-80-8862,S99994941,X29811447X,Mrs.,Karma832,Wolff180,,Yost751,M,white,nonhispanic,F,Boston  Massachusetts  US,803 Stracke Gateway Unit 64,Norwood,Massachusetts,Norfolk County,,42.226046440534226,-71.15196205043503,1253149.75,11117.119999999999
14289f20-085c-4fc8-bdd8-e2074166d91f,1968-03-29,,999-64-4625,S99914164,X56336942X,Mrs.,Caterina17,Schulist381,,Mann644,M,white,hispanic,F,Boston  Massachusetts  US,260 Kutch Walk,Fitchburg,Massachusetts,Worcester County,,42.63151510406731,-71.8392184983341,983073.4700000001,11767.039999999999
144edc8e-936e-42d7-8e7d-f3578cf80cc2,1942-07-27,,999-69-6662,S99985073,X16624701X,Mrs.,Andre610,Murray856,,West559,M,white,nonhispanic,F,Greenfield  Massachusetts  US,788 Connelly Highlands,Worcester,Massachusetts,Worcester County,01583,42.33041254164881,-71.74265502080297,1384121.18,14343.319999999998
15545751-f1be-43db-9f35-b3aaa0a959e2,1949-09-04,2002-08-26,999-19-7899,S99998900,X22725008X,Ms.,Brittni468,Grimes165,,,S,white,nonhispanic,F,Charlton  Massachusetts  US,427 Williamson Boulevard,Northbridge,Massachusetts,Worcester County,,42.14648647249423,-71.64760685049937,1088590.86,3637.8399999999997
1821a44e-ba5e-4250-aae9-23ec9c0c26f1,1964-04-18,,999-30-5364,S99934745,X17362023X,Mrs.,Jacquelyn628,Senger904,,Miller503,M,white,nonhispanic,F,Marshfield  Massachusetts  US,983 Rolfson Key,Boston,Massachusetts,Suffolk County,02110,42.33175390763475,-71.12036361150344,1236599.4100000001,18075.819999999996
1968aa31-5fce-461a-9486-6e385a7b75e7,1986-04-11,,999-62-1418,S99944435,X83882355X,Mrs.,Daniela614,Hernádez343,,Pineda243,M,black,hispanic,F,Portsmouth  Saint John Parish  DM,953 Zulauf Flat Apt 96,Athol,Massachusetts,Worcester County,,42.52049474280827,-72.1985028735383,711906.83,7145.929999999999
1a100862-757a-4450-94a6-9731a522f707,1948-03-23,2014-10-08,999-86-2275,S99975609,X45951887X,Mrs.,Lorinda137,Rogahn59,,Gulgowski816,M,white,nonhispanic,F,Westfield  Massachusetts  US,862 Pollich Mews,Belchertown,Massachusetts,Hampshire County,,42.259268605440816,-72.3507485677313,1453963.77,8614.439999999999
1aa71b23-790e-4d22-92da-c689682c8993,1993-05-03,,999-84-7590,S99922416,X45217366X,Ms.,Jeannie478,VonRueden376,,,,white,nonhispanic,F,Ashburnham  Massachusetts  US,711 Williamson Dale,Ayer,Massachusetts,Middlesex County,,42.51989885125408,-71.60090123178786,669285.92,4269.849999999999
1d7fe784-8667-47e8-b733-8e6ec0fbb5f9,1940-04-05,2006-01-08,999-30-7132,S99986129,X21798X,Ms.,Tia76,Crona259,,,S,white,nonhispanic,F,Hopedale  Massachusetts  US,537 Steuber Heights Unit 8,Middleborough,Massachusetts,Plymouth County,,41.855251684893965,-70.84734095146098,1559999.46,9074.919999999998
1d996507-b0e3-4ef8-ab62-9db3bd808105,1914-09-05,1999-09-16,999-81-9505,S99995290,X23927075X,Mrs.,Valentina258,Marvin195,,Jerde200,M,white,nonhispanic,F,Medford  Massachusetts  US,569 Grimes Lane Suite 4,Norwood,Massachusetts,Norfolk County,02090,42.20077358206677,-71.24542770243681,1390087.59,30680.679999999997
1f8da3b0-dd67-4925-a6d9-43a02d8402a7,1984-01-25,,999-20-5256,S99939861,X35562315X,Mrs.,Vennie613,Price929,,Murphy561,M,white,nonhispanic,F,Boston  Massachusetts  US,604 Harvey View,Blackstone,Massachusetts,Worcester County,,42.08692727530842,-71.5803826288018,820511.28,3389.6
21838b2e-18ba-4627-aea4-fca5b450230d,1975-11-27,,999-99-9338,S99951275,X30346252X,Mr.,Clark193,Hilll811,,,M,white,nonhispanic,M,Weymouth  Massachusetts  US,202 Tromp Street Suite 0,Framingham,Massachusetts,Middlesex County,01701,42.35307572611395,-71.41813168658682,910953.0,3134.64
21a5c5d3-a090-450d-91c1-a9bf3f2902d1,1951-02-22,,999-90-6353,S99979137,X36348515X,Ms.,Lakenya863,Konopelski743,,,S,white,nonhispanic,F,Boston  Massachusetts  US,601 Bergnaum Lodge Suite 93,Raynham,Massachusetts,Bristol County,,41.896901705662664,-71.0176598240094,1471579.96,14274.309999999998
21ce6dc0-8668-4221-a5bc-6d6a1afe4c52,1958-11-06,,999-23-7418,S99999045,X28857182X,Mrs.,Tiara667,Reinger292,,Upton904,M,white,nonhispanic,F,Walpole  Massachusetts  US,886 Stark Rue,Lowell,Massachusetts,Middlesex County,01850,42.645679007346615,-71.33428294931316,1320900.31,13893.189999999999
23365743-e8f2-4aba-8242-15463f81f81b,1925-03-23,,999-11-9928,S99944440,X985950X,Mrs.,Araceli695,Reichel38,,Green467,M,white,nonhispanic,F,Lunenburg  Massachusetts  US,746 Harvey Arcade Apt 63,Barnstable,Massachusetts,Barnstable County,02637,41.749275591967525,-70.39007757100454,1399992.99,16008.839999999998
252fc319-ec89-43e4-b28c-184e9b5542b4,1971-06-14,,999-89-5921,S99978812,X75304132X,Mrs.,Jenise920,Boyer713,,Keeling57,M,white,nonhispanic,F,Needham  Massachusetts  US,1038 Altenwerth Rapid Unit 73,Chelsea,Massachusetts,Suffolk County,02149,42.436819667926024,-71.03134245671647,976300.1,19152.089999999997
257af8d7-ba2c-4394-9a30-691e6f80d8a6,1917-05-31,,999-92-1404,S99946525,X52672915X,Mrs.,Nickole723,Denesik803,,Cruickshank494,M,white,nonhispanic,F,Fitchburg  Massachusetts  US,117 Hermann Common,Barnstable,Massachusetts,Barnstable County,02601,41.72930445491016,-70.33977270168727,1600827.58,32774.56
278c5ad9-1e68-45f5-b274-0bdbb60569be,1969-04-13,,999-85-4871,S99979506,X21577942X,Mrs.,Joanna347,Hermiston71,,Rolfson709,M,white,nonhispanic,F,Arlington  Massachusetts  US,105 Murphy Dam,East Longmeadow,Massachusetts,Hampden County,,42.09190482915468,-72.5233528448235,1131869.75,8580.429999999998
29fc389e-f454-4907-8fa5-987f312cc32a,1982-03-07,,999-59-4905,S99924114,X76526910X,Mr.,Eusebio566,Cremin516,,,M,white,hispanic,M,Woburn  Massachusetts  US,915 Legros Neck Apt 5,Lynn,Massachusetts,Essex County,01905,42.48275396387037,-70.85785433007347,791005.88,4364.5599999999995
2a6d1e58-88eb-4be0-b6b4-59a471257c2e,1964-10-10,,999-22-8704,S99976805,X66668021X,Ms.,Nikia872,Herzog843,,,S,white,nonhispanic,F,Wareham  Massachusetts  US,679 Robel Junction Apt 36,Quincy,Massachusetts,Norfolk County,02169,42.26408217588162,-71.05184674134962,1224823.18,24117.409999999996
2cd4ff27-8689-4c17-b96d-f6daeeac830a,1943-02-19,,999-63-2990,S99961340,X59014388X,Mrs.,Mertie42,Leannon79,,O'Kon634,M,white,nonhispanic,F,Amherst  Massachusetts  US,461 Hills Bay Suite 45,Williamsburg,Massachusetts,Hampshire County,,42.37259449038265,-72.69688600353085,1439840.68,16413.28
2d350bad-f546-4799-b04a-32236b4b3930,1923-05-15,2013-03-12,999-87-1875,S99923204,X30789689X,Mrs.,Lucilla742,Durgan499,,Runolfsdottir785,M,white,nonhispanic,F,Boston  Massachusetts  US,749 Greenholt Gardens Unit 68,West Springfield,Massachusetts,Hampden County,01089,42.15274956767405,-72.66150866677856,1401523.84,47071.2
2d3e8561-04d7-48eb-8bac-a978d10f5641,1969-05-22,,999-76-4453,S99927475,X13083968X,Mr.,Chas63,Lebsack687,,,M,white,nonhispanic,M,Milford  Massachusetts  US,611 Williamson Loaf Apt 44,Somerville,Massachusetts,Middlesex County,02138,42.4545433332222,-71.13361991088999,1047108.0,3952.0399999999995
2dc2c931-b06e-4249-8a39-c33bc60c0f03,1942-07-23,1997-08-10,999-77-2149,S99911520,X79300379X,Mrs.,Vanda440,Dooley940,,Hintz995,M,white,nonhispanic,F,Boston  Massachusetts  US,1007 Pagac Road Apt 92,Cambridge,Massachusetts,Middlesex County,02141,42.34212355324039,-71.1743354360484,1139852.3,8935.679999999998
2e00e359-abc8-49aa-b98c-c0cc554acf34,1951-02-22,2005-02-12,999-41-1766,S99914926,X25281080X,Mrs.,Natalya468,Mills423,,Torp761,M,white,nonhispanic,F,Northampton  Massachusetts  US,216 Douglas Bridge,Raynham,Massachusetts,Bristol County,,41.966035336175544,-71.02936901632589,1169089.59,7616.6799999999985
2ebc60de-f35e-40ef-ab09-ed736e6b4caa,1995-06-11,,999-99-7014,S99989657,X75089258X,Mr.,Agustín529,Chavarría957,,,,asian,hispanic,M,La Paz  Baja California  MX,635 Blanda Wynd Unit 42,Saugus,Massachusetts,Essex County,01906,42.50713210993972,-71.02061105006739,514456.2,3430.52
2ffe9369-24e4-414b-8973-258fad09313a,1958-07-01,,999-76-2715,S99927965,X70120330X,Mrs.,Amada498,Reichert620,,Spinka232,M,white,nonhispanic,F,Watertown  Massachusetts  US,970 Grant Highlands,Foxborough,Massachusetts,Norfolk County,,42.07894173393037,-71.22544168501237,1368017.49,15959.849999999999
32cd6f76-10ed-47e8-9547-0f6be517d213,1971-07-28,,999-56-2514,S99961385,X20529988X,Mrs.,Kiyoko456,Blanda868,,Grant908,M,white,nonhispanic,F,Milford  Massachusetts  US,470 Leffler Path Unit 68,Rochester,Massachusetts,Plymouth County,,41.722443655040266,-70.86659801639622,1106202.78,4599.5199999999995
33189b5c-5919-4e99-8b62-89b225531eac,1975-06-05,1976-11-11,999-25-1295,,,,Eustolia154,Hagenes547,,,,white,nonhispanic,F,Harwich  Massachusetts  US,465 Johns Row,Leicester,Massachusetts,Worcester County,,42.20597765240149,-71.87344526561378,31320.0,442.43999999999994
34382e29-6854-4353-85be-802262bfea6e,1980-04-29,,999-23-9936,S99917450,X88818111X,Mr.,Ethan766,Goyette777,,,M,white,nonhispanic,M,Lowell  Massachusetts  US,232 Conroy Dale Apt 66,Framingham,Massachusetts,Middlesex County,,42.315311151716394,-71.48549442577419,819667.32,2581.3599999999997
3a52cc8f-394a-4840-968d-b595f4e3106d,1936-09-11,,999-81-2423,S99996432,X55934321X,Ms.,Brook779,Vandervort697,,,S,white,nonhispanic,F,Harwich  Massachusetts  US,770 Abshire Trace Apt 47,Swansea,Massachusetts,Bristol County,,41.73943324293453,-71.16712966759792,1433412.38,14574.359999999999
3a645748-8ddc-4876-8674-5c1ac5bf2899,1928-01-31,,999-16-9592,S99963039,X22359420X,Mrs.,Irina619,Rice937,,Hoeger474,M,black,nonhispanic,F,North Adams  Massachusetts  US,621 Orn Hollow Suite 79,Boston,Massachusetts,Suffolk County,02113,42.29250763969032,-71.04844479537485,1416713.4,19966.979999999996
3b46f9a9-3447-441d-abd4-4f8e46f9e0c2,1946-02-13,2004-09-11,999-26-4706,S99974686,X17866631X,Mrs.,Neva514,Leffler128,,Dare640,M,white,nonhispanic,F,Winchester  Massachusetts  US,848 Steuber Skyway Suite 76,Brockton,Massachusetts,Plymouth County,02301,42.126843822875976,-70.99878316236524,758128.3700000001,9949.959999999997
3b95da79-b5aa-419a-9558-f4627b02ae3a,1958-12-03,,999-47-1693,S99923338,X55650811X,Mr.,Millard193,Stamm704,,,M,black,nonhispanic,M,Wakefield  Massachusetts  US,700 Quigley Mission,Lynn,Massachusetts,Essex County,01906,42.4871564499774,-70.92618040365436,1293065.71,5771.879999999999
3c8151ab-f2b1-44e1-9adc-8f27743496a4,1997-02-24,,999-81-6481,S99973718,X12146654X,Ms.,Leah288,Murray856,,,,white,hispanic,F,Boston  Massachusetts  US,298 McLaughlin Orchard,Auburn,Massachusetts,Worcester County,,42.20249412700759,-71.81329958988418,462651.03,3870.6499999999996
3e89db15-7c8d-464c-8ed6-e1535438ca83,1959-01-19,,999-11-8188,S99921828,X34428233X,Mrs.,Elena945,McDermott739,,Beer512,M,white,nonhispanic,F,Boxford  Massachusetts  US,765 Spencer Orchard,Cambridge,Massachusetts,Middlesex County,02139,42.3704021277211,-71.10201970783285,1509802.51,10432.069999999998
40c5db10-1a0d-4eef-b5de-931edd347fc2,1958-12-06,,999-82-3372,S99911969,X2812684X,Mr.,Eliseo499,Lind531,,,M,white,nonhispanic,M,Boston  Massachusetts  US,214 Considine Club,Boston,Massachusetts,Suffolk County,02151,42.31262834329596,-71.06215441648658,1273731.06,5691.88
44c8b4c8-4457-4ba0-94b6-285ef327a249,1941-03-25,1989-01-17,999-33-7429,S99993402,X83558016X,Mr.,Jamey282,Hermiston71,,,M,asian,nonhispanic,M,New Bedford  Massachusetts  US,780 Okuneva Annex Apt 36,Concord,Massachusetts,Middlesex County,,42.4937745084856,-71.4128121495033,986340.62,3392.04
45d68751-751e-4954-bc9d-f7a47e21eede,1995-08-29,,999-54-6754,S99924751,X40613999X,Mr.,Matthew562,Stokes453,,,,asian,nonhispanic,M,Haiphong  Kiến An  VN,826 Carroll Mill,Boston,Massachusetts,Suffolk County,02134,42.30681240848193,-71.05212605599104,507367.68,2717.24
46768e09-6b9f-49fe-9480-529079f64562,1984-09-13,,999-54-7892,S99943085,X12453360X,Mrs.,Rana586,Davis923,,Sporer811,M,white,nonhispanic,F,Arlington  Massachusetts  US,902 Stiedemann Drive Unit 71,Beverly,Massachusetts,Essex County,,42.55353132429881,-70.87309760391344,758474.13,7509.409999999999
48713268-0ca7-4699-a372-56af983af6f0,1992-04-30,,999-80-7704,S99980289,X70628984X,Mrs.,Vanna750,Denesik803,,Gleason633,M,white,nonhispanic,F,Somerville  Massachusetts  US,883 Nader Lock Apt 76,Franklin,Massachusetts,Norfolk County,02038,42.06491888748436,-71.44312434817734,576629.71,2606.4
4877881d-b098-4299-9075-febe1b3b8934,1975-02-04,,999-16-7023,S99957548,X31313396X,Mrs.,Jeane173,Robel940,,Kessler503,M,white,nonhispanic,F,North Brookfield  Massachusetts  US,772 Altenwerth Trailer,Boston,Massachusetts,Suffolk County,,42.33703028980781,-71.03531980483159,935140.51,6563.149999999999
48f06aac-21ac-44d5-9bf5-d921d30cef89,1946-07-17,,999-59-8122,S99921460,X28084715X,Mr.,Eusebio566,Schulist381,,,S,white,nonhispanic,M,Malden  Massachusetts  US,511 Graham Union Suite 58,Malden,Massachusetts,Middlesex County,02155,42.43637027909838,-71.0623856438057,1373079.72,10308.61
49303b96-1de5-4365-9ff3-bf960aea755b,1937-08-20,,999-44-3488,S99935878,X37105727X,Ms.,Astrid395,Dickens475,,,S,white,nonhispanic,F,Webster  Massachusetts  US,164 Stokes Lodge Apt 34,Winchendon,Massachusetts,Worcester County,01475,42.71744809163345,-72.05377843463215,1641869.78,18606.699999999997
4a50c62e-24ba-459b-993c-0959691cf96d,1947-07-12,1989-11-25,999-13-8181,S99993186,X9890795X,Mrs.,Kristeen693,Cole117,,Konopelski743,M,asian,nonhispanic,F,Hong Kong  Hong Kong Special Administrative Region  CN,1070 Bartoletti Neck,Peabody,Massachusetts,Essex County,,42.494225914978735,-71.07854665743743,848337.83,5741.799999999999
4a52ea9c-d410-4b78-a4da-6053e2ed0787,1974-06-01,,999-58-4852,S99913384,X72857730X,Mrs.,Aundrea980,Mertz280,,Bogisich202,M,black,nonhispanic,F,Fitchburg  Massachusetts  US,1023 Lakin Overpass Unit 93,Waltham,Massachusetts,Middlesex County,02472,42.37321770784337,-71.19364659680481,1150940.92,7191.239999999999
4b414e31-2791-4942-9c28-46a299805848,1963-12-05,,999-51-2834,S99924835,X87443723X,Mrs.,Muoi890,Nolan344,,Romaguera67,M,white,nonhispanic,F,Brockton  Massachusetts  US,764 Stokes Vista,Medway,Massachusetts,Norfolk County,,42.18684061153454,-71.46568867528029,1277956.81,9717.399999999998
4b8d5256-a202-4f3a-be23-5f4351251eb3,1955-03-04,2015-05-29,999-88-2158,S99971977,X40035613X,Mrs.,Mickey576,Corwin846,,Kemmer137,M,white,nonhispanic,F,Methuen  Massachusetts  US,1098 Fadel Parade Apt 47,Sharon,Massachusetts,Norfolk County,,42.143511765559516,-71.15384941475624,1377511.1300000001,12232.55
4be910c3-22ae-4868-9dbe-667aec6e5342,1956-09-27,,999-31-1948,S99948250,X51404334X,Mrs.,Kathrine376,Ledner144,,Kunde533,M,white,nonhispanic,F,Newbury  Massachusetts  US,651 Williamson Alley,Westminster,Massachusetts,Worcester County,,42.567930244469736,-71.88380738995627,1280396.78,17478.749999999996
4e169876-06be-4151-9ae1-b5568765ee13,1999-04-21,,999-45-1693,S99990763,X82823696X,Ms.,Olene159,Greenholt190,,,,black,hispanic,F,Peabody  Massachusetts  US,289 Brown Glen Unit 6,Revere,Massachusetts,Suffolk County,02151,42.39074270611779,-70.98661201743018,433901.58999999997,3037.24
4e83ed9f-f2ed-4add-8434-2fc116de704b,1942-02-05,,999-44-6419,S99969199,X63385032X,Mrs.,Lisha487,Mayert710,,Ondricka197,M,white,nonhispanic,F,Ludlow  Massachusetts  US,669 Macejkovic Lane Suite 42,Abington,Massachusetts,Plymouth County,,42.11385964116276,-70.91895573750956,1475771.42,18923.76
4eb14734-102d-442d-b683-809b100a1dea,1969-04-04,,999-19-8993,S99999655,X70491254X,Mrs.,Gretchen912,Watsica258,,Thompson596,M,white,nonhispanic,F,Lawrence  Massachusetts  US,1079 Jakubowski Knoll Apt 33,Methuen,Massachusetts,Essex County,01844,42.711768596019546,-71.1821524302431,226780.21000000002,10001.769999999999
4f0cc2f3-8492-41c9-ad38-f01219739df0,1964-11-05,,999-60-3312,S99948866,X27851199X,Mrs.,Analisa263,Kiehn525,,Pouros728,M,white,nonhispanic,F,Boston  Massachusetts  US,1064 Rath Dam,Plymouth,Massachusetts,Plymouth County,02360,41.86058335674458,-70.62419702125082,1177832.41,10573.919999999998
505609ce-7420-4cad-8c97-e1c42c4c79c7,1969-03-31,,999-80-4797,S99919121,X36283545X,Mr.,Brain142,Crona259,,,M,white,nonhispanic,M,Attleboro  Massachusetts  US,641 Goldner Course Suite 85,Hampden,Massachusetts,Hampden County,,42.04409730215208,-72.4188740692124,1082533.28,4720.28
5137bcf1-9fc6-4187-8d8a-da1624e21751,1927-06-30,,999-83-8712,S99949082,X37419906X,Mrs.,Santana368,Tromp100,,Little434,M,white,nonhispanic,F,Cambridge  Massachusetts  US,911 Kuhic Bridge,North Adams,Massachusetts,Berkshire County,01247,42.670579376853624,-73.10167962610527,1524333.46,23145.03
51f196eb-b11e-493e-ad95-254285af055e,1963-08-07,,999-89-8579,S99966190,X24339233X,Mrs.,Cleopatra935,Grant908,,Cartwright189,M,white,nonhispanic,F,Lynn  Massachusetts  US,790 Mueller Mill,Newton,Massachusetts,Middlesex County,02465,42.283439914360784,-71.24251181979737,1158561.1,7300.879999999999
528cb8bd-10b7-400d-9069-d599cce1b2f1,1960-07-16,,999-25-2671,S99929320,X40401775X,Mrs.,Romona686,Aufderhar910,,Connelly992,M,white,nonhispanic,F,Quincy  Massachusetts  US,675 Collier Plaza,Salem,Massachusetts,Essex County,01970,42.526110983631746,-70.8755414561565,1229651.79,7827.519999999999
532696f2-0b76-4eb0-9aea-a74e2fb1bed2,1967-05-18,,999-53-7790,S99953498,X78970604X,Mrs.,Takisha161,Kunze215,,Runolfsson901,M,white,nonhispanic,F,Milford  Massachusetts  US,747 Batz Harbor,Natick,Massachusetts,Middlesex County,,42.324155298104756,-71.36749247910899,1110848.54,7217.5999999999985
538421f8-9001-4853-8e84-59fcabdfe46d,1981-08-18,,999-60-6266,S99984484,X22959141X,Mrs.,Katelyn962,Osinski784,,Dibbert990,M,white,nonhispanic,F,Patras  Achaea  GR,1091 Ruecker Frontage road Suite 21,Hopedale,Massachusetts,Worcester County,,42.17280363322824,-71.50164019262029,747290.92,11755.439999999999
542a3d97-d840-4f63-9cc7-5110ce3f7e82,1956-10-11,,999-60-7953,S99961739,X286394X,Mrs.,Clara183,Lemus978,,Cedillo160,M,white,hispanic,F,Lima  Lima Province  PE,450 Pfeffer Loaf Unit 13,Waltham,Massachusetts,Middlesex County,02452,42.34657627635637,-71.19066467166614,1332486.38,15887.599999999997
55f5ca08-6b25-4f13-9bf8-b3f0b3301647,1937-04-27,2009-05-06,999-22-8476,S99974477,X20336531X,Mrs.,Iesha760,Mann644,,Kilback373,M,white,nonhispanic,F,Barnstable  Massachusetts  US,1023 Rippin Extension Apt 6,Lunenburg,Massachusetts,Worcester County,01462,42.61139858047822,-71.67708880705014,1503986.44,12613.799999999997
5666bbaf-828b-4fd1-a4f9-eeead450816d,1953-04-25,,999-15-4336,S99985394,X55257561X,Mrs.,Eilene124,Lockman863,,Fisher429,M,asian,nonhispanic,F,Springfield  Massachusetts  US,208 Bauch Hollow Suite 42,Bellingham,Massachusetts,Norfolk County,,42.07969936752493,-71.47965265246313,1263999.05,10084.779999999999
58100357-85b6-4334-bc2a-8998c24a4812,1971-04-15,,999-40-8284,S99962622,X12252324X,Ms.,Tana168,Bechtelar572,,,S,white,nonhispanic,F,Greenfield  Massachusetts  US,302 Kirlin Highlands,Lunenburg,Massachusetts,Worcester County,,42.56149882305895,-71.68665525691193,1025338.38,10790.559999999998
593548b9-2898-4fcc-b457-2ade24d11123,1949-09-04,,999-16-9495,S99946658,X30785261X,Ms.,Tonja658,Jast432,,,S,white,nonhispanic,F,New Bedford  Massachusetts  US,424 Schroeder Manor Unit 84,Northbridge,Massachusetts,Worcester County,,42.13902588795002,-71.67647640677302,1348777.11,8946.599999999999
59486a8b-389b-4355-9df4-edc62bbd1a11,1951-10-11,,999-61-9573,S99977005,X40451909X,Mrs.,Devona405,Erdman779,,Brekke496,M,black,nonhispanic,F,Cambridge  Massachusetts  US,987 Gusikowski Spur,Southbridge,Massachusetts,Worcester County,,42.024624459308924,-72.02640052136711,1431579.0,12503.509999999998
5b5bc31a-0e78-4e08-a183-e2503be440b3,1961-03-12,,999-83-6147,S99992049,X23042933X,Mr.,Chi716,Sipes176,,,S,white,nonhispanic,M,Cambridge  Massachusetts  US,1071 Brown Ferry,Woburn,Massachusetts,Middlesex County,,42.51250377340673,-71.14356711082065,1231251.26,6429.28
5b891358-1bb3-4bbf-b8a6-a73fbe58efe7,1962-12-21,,999-58-8644,S99992512,X35458892X,Ms.,Rene434,Schinner682,,,S,black,nonhispanic,F,Lowell  Massachusetts  US,604 Sipes Divide Unit 0,Boston,Massachusetts,Suffolk County,02136,42.23803949899867,-71.14001844889657,1116196.22,3667.9199999999996
5c06120a-9af5-4204-951b-7a8bfc465df3,1960-01-27,,999-67-9095,S99988443,X29715694X,Mrs.,Natashia109,Nitzsche158,,Balistreri607,M,asian,nonhispanic,F,Dracut  Massachusetts  US,785 Collins Trafficway,Salisbury,Massachusetts,Essex County,,42.8368408814656,-70.86399574196551,1260268.43,9255.88
5c1660c6-e806-4e52-a76d-846df0aea060,1951-05-16,,999-53-5103,S99964336,X9373533X,Mr.,Maynard46,Roberts511,,,M,black,nonhispanic,M,Boston  Massachusetts  US,815 Rau Ramp,Boston,Massachusetts,Suffolk County,02109,42.27939256881354,-71.09267313522936,1346621.14,6182.04
5cb510f1-244d-4f02-a82b-3631e998fad1,1939-04-01,2013-05-29,999-62-7120,S99918580,X21268703X,Mr.,Chi716,Johnston597,,,M,white,nonhispanic,M,Winchester  Massachusetts  US,276 Ruecker Quay,Fitchburg,Massachusetts,Worcester County,,42.63401379367183,-71.84293662224631,1393817.9300000002,434233.8200000002
5ce924c7-ec4c-4b5f-93ff-2ae274654c74,1981-11-11,,999-30-4628,S99999117,X37764385X,Ms.,Teresita257,Rosenbaum794,,,S,black,hispanic,F,Lexington  Massachusetts  US,1082 Wiegand Branch,Westfield,Massachusetts,Hampden County,01085,42.188305221622535,-72.8008430119059,423417.45,6648.529999999999
5d4057c5-e455-4ab1-aea6-3371566cd862,1939-06-11,2001-01-03,999-44-5249,S99996509,X82862845X,Mr.,Ty725,Beatty507,,,M,white,nonhispanic,M,Pembroke  Massachusetts  US,712 Schuppe Ramp Unit 0,Northbridge,Massachusetts,Worcester County,,42.12617280239236,-71.66121669021604,1267143.05,4178.599999999999
61417eb5-1c42-4207-afb3-c9ebef48496f,1949-07-01,,999-45-8675,S99935613,X48807879X,Mrs.,Suzanna632,Balistreri607,,Moen819,M,white,nonhispanic,F,Rockland  Massachusetts  US,968 Oberbrunner Run Suite 49,Taunton,Massachusetts,Bristol County,02718,41.92099377538254,-71.09102864172802,1383541.44,50772.24999999999
61d64033-b6eb-40fd-a003-225ad15bb73b,1971-07-21,,999-31-7183,S99910138,X20577934X,Mrs.,Maryland870,Welch179,,Orn563,M,white,nonhispanic,F,Malden  Massachusetts  US,820 Monahan Wall,Brookline,Massachusetts,Norfolk County,02445,42.277564401997445,-71.19914171823311,1032236.88,10896.839999999998
62494529-9ceb-486a-9510-22f7cb454dd6,1990-08-03,,999-76-4242,S99919317,X64022539X,Mrs.,Felicia295,Hudson301,,Spinka232,M,white,nonhispanic,F,Mashpee  Massachusetts  US,569 Bogan Underpass Unit 99,Attleboro,Massachusetts,Bristol County,,41.849949685944935,-71.32944420395735,592140.49,4548.679999999999
6319546f-4629-4f12-994a-f489678bc05d,1995-10-15,,999-43-5463,S99963109,X51948409X,Ms.,Marta91,Swift555,,,,white,nonhispanic,F,Springfield  Massachusetts  US,987 Cormier Track Unit 30,Gardner,Massachusetts,Worcester County,,42.54601915801216,-71.97218198786375,551764.3200000001,3381.3599999999997
65243e61-da11-42a6-826e-a43d960d1e84,1990-09-16,,999-29-3981,S99976520,X24497111X,Mrs.,Anja508,Lubowitz58,,Huels583,M,white,nonhispanic,F,Lowell  Massachusetts  US,635 Bruen Bypass,New Bedford,Massachusetts,Bristol County,02744,41.69942673187151,-70.98459456187851,516239.22000000003,10222.879999999997
66135cde-428a-4cf7-bc1d-d5ddce40d9cd,1914-09-05,1996-03-06,999-14-6312,S99993253,X35196340X,Mrs.,Vanda440,Jenkins714,,Wisoky380,M,white,nonhispanic,F,Waltham  Massachusetts  US,616 Jenkins Corner,Norwood,Massachusetts,Norfolk County,02090,42.223448201914444,-71.16982363756567,1369081.39,23530.61
6a84665a-d614-404b-8557-f807676de5c6,1997-02-24,2017-07-10,999-30-1427,S99937418,X3751059X,Ms.,Lovetta319,Strosin214,,,,white,hispanic,F,Wayland  Massachusetts  US,942 Schneider Park,Auburn,Massachusetts,Worcester County,,42.24282149716241,-71.83882298806158,424166.9,2631.44
6aa4b3c1-4b16-479e-a618-0fc47fb99f6e,1965-01-08,,999-55-7212,S99956649,X14093941X,Mrs.,Leonie332,Feil794,,Stark857,M,white,hispanic,F,Grafton  Massachusetts  US,611 Yundt Club,Leominster,Massachusetts,Worcester County,,42.488437120874266,-71.74154305472779,1128380.49,10450.829999999998
6abdc54d-098e-47dc-8e11-701464386c67,1915-10-24,,999-68-6750,S99953863,X4137345X,Mrs.,Enedina292,Macejkovic424,,Schamberger479,M,white,nonhispanic,F,Scituate  Massachusetts  US,644 Dooley Alley,Quincy,Massachusetts,Norfolk County,02170,42.32279460312836,-70.97699823533543,1512751.1900000002,43528.42
6cf93841-acdc-45c5-aca5-7c3efefd7494,1984-06-12,,999-10-1847,S99911665,X74977778X,Mrs.,Mario764,Waters156,,Will178,M,white,nonhispanic,F,Dartmouth  Massachusetts  US,326 Ritchie Trafficway,Saugus,Massachusetts,Essex County,,42.51730398879722,-71.02567380506972,794284.26,10315.569999999998
6d048a56-edb8-4f29-891d-7a84d75a8e78,1914-09-05,2006-05-26,999-60-2184,S99940416,X26292359X,Ms.,Kimber624,Volkman526,,,S,white,nonhispanic,F,Fall River  Massachusetts  US,583 Price Rue,Norwood,Massachusetts,Norfolk County,,42.21136420193731,-71.21362111178648,1560540.35,52391.24
6f7f9443-cb21-4b03-8cdc-14ab4894c779,1950-09-24,,999-37-1261,S99969765,X3303341X,Mr.,Heath320,Price929,,,M,white,nonhispanic,M,Attleboro  Massachusetts  US,768 Marquardt Rest,Lynn,Massachusetts,Essex County,01901,42.50056685549215,-71.01805584712115,1346456.65,5646.08
703e4c46-ded2-4797-97fe-57fedda2825f,1941-12-23,2015-01-12,999-28-3779,S99973744,X20021458X,Mrs.,Yuette836,Smitham825,,Nader710,M,white,nonhispanic,F,Nizhny Novgorod  Nizhny Novgorod Oblast  RU,1018 Watsica Park Apt 56,Wellfleet,Massachusetts,Barnstable County,,41.92281129239561,-70.0038886945331,1389384.09,13240.199999999997
711d2093-5eb9-45a6-ad09-4b5c0371ad85,1967-11-26,,999-60-5555,S99999726,X9702129X,Mr.,Phil587,Doyle959,,,M,white,nonhispanic,M,Swansea  Massachusetts  US,616 Bartell Throughway,Bourne,Massachusetts,Barnstable County,,41.7201610470063,-70.63966017449452,1078109.49,4161.2
714b9c18-783d-4f52-aa64-cc3a05a286d9,1946-01-22,,999-50-7241,S99934122,X12849695X,Mr.,Noble66,Sipes176,,,M,white,nonhispanic,M,Taunton  Massachusetts  US,1050 Rogahn Path,Fitchburg,Massachusetts,Worcester County,,42.60395994089129,-71.78317444492932,1515232.4700000002,47818.53999999999
73d6a730-418f-4dbc-bc00-6d2c53bfa89a,1949-03-02,,999-31-8866,S99973935,X16747797X,Mrs.,Kendra609,Hills818,,Corkery305,M,white,nonhispanic,F,Westport  Massachusetts  US,732 Hegmann Rue,Haverhill,Massachusetts,Essex County,,42.81428904074029,-71.09985515645677,1395635.37,9787.369999999999
73fc00f8-a341-4f62-be27-07c35c3460bc,1941-05-04,,999-21-4974,S99945887,X56196576X,Ms.,Lashawn862,Koepp521,,,S,white,nonhispanic,F,Chicopee  Massachusetts  US,922 Littel Station Suite 61,Easthampton,Massachusetts,Hampshire County,01027,42.29801677938275,-72.713379258356,1464718.26,15092.529999999999
752141b3-ce4c-4191-a38b-f2867d5dfaac,1958-01-01,,999-50-9749,S99988599,X31243176X,Mrs.,Inell560,Koch169,,Schimmel440,M,white,nonhispanic,F,Brewster  Massachusetts  US,198 Olson Stravenue,Nantucket,Massachusetts,Nantucket County,,41.33810923389566,-70.11935636317241,1231817.43,21693.459999999995
759ef86c-a675-457a-8304-0a6f34b57f8f,1951-04-05,,999-37-9963,S99975926,X28593812X,Mrs.,Jaunita130,Nolan344,MD,Bergnaum523,M,white,nonhispanic,F,Concord  Massachusetts  US,343 Rice Trailer Unit 48,Barnstable,Massachusetts,Barnstable County,02635,41.635674407973774,-70.34799282803674,1395900.49,10434.509999999998
76ddb9d8-0c16-478e-b6e5-b5c2e4f7860e,1984-05-10,,999-11-3275,S99950806,X5041141X,Mr.,Brooks264,Weimann465,,,M,white,nonhispanic,M,Boston  Massachusetts  US,1033 Ledner Way,Canton,Massachusetts,Norfolk County,,42.2211780816863,-71.17510366263906,737735.35,2513.8799999999997
77a0cd86-92bb-4c6d-a91a-49ee66e353b9,1989-08-19,,999-62-5886,S99996704,X23047417X,Mrs.,Norma469,Mayer370,,Deckow585,M,white,nonhispanic,F,Medfield  Massachusetts  US,192 Wilderman Trafficway Unit 13,Canton,Massachusetts,Norfolk County,,42.13527121262164,-71.11215255307812,562913.7,9528.139999999998
78574ffd-6c17-492a-8bb0-5a0062bb7730,1994-06-26,,999-33-2163,S99936227,X76679842X,Mr.,Kent912,Fritsch593,,,,white,nonhispanic,M,Malden  Massachusetts  US,189 Beier Throughway Apt 55,Worcester,Massachusetts,Worcester County,01545,42.26939760403728,-71.83383695691731,531651.29,2864.72
789ac868-bc05-4da7-9068-25b03a8095e0,1997-03-06,,999-78-4037,S99991738,X21794798X,Mr.,Timoteo39,Castañeda925,,,,white,hispanic,M,Carolina  Puerto Rico  PR,270 Corkery Loaf,Concord,Massachusetts,Middlesex County,,42.445270082874586,-71.38957375937514,475343.76,3123.04
79f7403a-15f5-425b-8c0a-fdf26e7c926b,1950-07-18,,999-45-7694,S99951697,X8739677X,Mrs.,Callie226,Macejkovic424,,Becker968,M,white,nonhispanic,F,Webster  Massachusetts  US,1094 Treutel Alley,Montague,Massachusetts,Franklin County,,42.553299435647055,-72.56201466101041,1404243.49,19122.52
7b99cacb-b260-4c0a-a027-d1be359d9876,1966-06-17,,999-38-4580,S99937483,X11788876X,Mrs.,Esther279,Wolf938,,McCullough561,M,white,nonhispanic,F,Boston  Massachusetts  US,484 Durgan Camp,Taunton,Massachusetts,Bristol County,02780,41.989688435718556,-71.06819327211679,461195.61,5371.869999999999
7d61895a-dbf3-472b-9675-421381787295,1948-03-23,,999-72-2740,S99920194,X26928397X,Mrs.,Lola232,Abernathy524,,Hills818,M,white,nonhispanic,F,Somerville  Massachusetts  US,1050 Nitzsche Wall,Belchertown,Massachusetts,Hampshire County,01007,42.28199236442676,-72.41245882777665,1455175.1400000001,38853.439999999995
80d81807-e19c-4704-9138-0c89a5e8e536,1949-08-02,,999-49-7032,S99940765,X76631099X,Mrs.,Ofelia194,Eichmann909,,Emard19,M,white,nonhispanic,F,Dartmouth  Massachusetts  US,145 Doyle Route,Boston,Massachusetts,Suffolk County,02121,42.35635664953073,-71.06904594859894,1393736.01,8728.32
851275c6-bc90-4e95-a9a7-6f42111be448,1974-09-24,,999-80-8226,S99962712,X55136568X,Mr.,Ignacio928,Regalado83,,,M,white,hispanic,M,Mexico City  Mexico City  MX,496 Hackett Extension Apt 9,Agawam,Massachusetts,Hampden County,01001,42.02465715516396,-72.69172523984321,941419.96,6004.239999999999
852f4588-ba8f-4eeb-94fe-5c3c974ab114,1956-01-02,,999-60-6320,S99945237,X75083103X,Mrs.,Keren761,Kiehn525,,Jast432,M,white,hispanic,F,Whitman  Massachusetts  US,167 Bosco Boulevard Unit 9,Lynn,Massachusetts,Essex County,01904,42.444675537984104,-70.98660115861244,1544799.98,5777.759999999999
85670231-0fce-4e52-8b4f-051a3019f867,1954-07-02,,999-28-9019,S99967465,X61191698X,Mrs.,Teri144,Fritsch593,,Halvorson124,M,white,nonhispanic,F,East Longmeadow  Massachusetts  US,523 Prosacco Center,Wakefield,Massachusetts,Middlesex County,,42.50160984903329,-71.06157505354864,1021207.46,5098.73
85a07bb9-eb47-4fb3-8f96-c0a77f4821c6,1972-05-10,,999-29-5275,S99912035,X11113875X,Mrs.,Yuko264,O'Conner199,,Morar593,M,white,nonhispanic,F,Williamstown  Massachusetts  US,456 Cormier Byway,Boston,Massachusetts,Suffolk County,02199,42.32620241571075,-71.07146734146286,1016132.86,6809.66
87f05059-de42-4630-a35b-edb53d880640,1922-02-14,1983-07-05,999-32-3473,S99954715,X46230421X,Mrs.,Elvira561,Roque844,,Domínguez946,M,asian,hispanic,F,Tegucigalpa  Francisco Morazán  HN,774 Gorczany Hollow,Cambridge,Massachusetts,Middlesex County,,42.3696787588364,-71.0333305578414,1292098.22,14031.619999999999
88ea8573-863c-47e3-b144-b810c63156a0,1962-10-25,,999-64-2812,S99970548,X27386052X,Mrs.,Mayte822,Candelaria844,,Hernandes724,M,other,hispanic,F,Santo Domingo  National District  DO,222 Weimann Parade Apt 21,Billerica,Massachusetts,Middlesex County,,42.560517854493916,-71.23050908163349,1198802.9,49212.95999999999
893cbc3b-e477-4310-88ac-3112ed8e06da,1964-08-28,,999-21-5316,S99991831,X80226652X,Mrs.,Sina65,Wiegand701,,Grady603,M,white,nonhispanic,F,Waltham  Massachusetts  US,266 Ondricka Trail,Worcester,Massachusetts,Worcester County,01606,42.22257692015887,-71.81822184866029,1144657.54,8164.999999999999
89752052-a38b-45f0-a590-3950bbb67bec,1954-07-29,,999-15-6463,S99971913,X43982733X,Mrs.,Laverna97,Cartwright189,,Mayert710,M,white,nonhispanic,F,Brockton  Massachusetts  US,261 Weber Crossing,Rochester,Massachusetts,Plymouth County,,41.783430936595146,-70.82655138321977,1322856.0,12597.56
899a4f9c-abc3-4a13-88e4-0f7862ee6ab5,1927-06-30,1995-06-21,999-98-4933,S99920897,X15329006X,Mrs.,Magaret757,Abernathy524,,Vandervort697,M,white,nonhispanic,F,Taunton  Massachusetts  US,673 Bergnaum Corner Unit 45,North Adams,Massachusetts,Berkshire County,01247,42.66670975052997,-73.07266473571447,1340441.99,15089.659999999996
8a9df121-e012-457c-ade0-ead804d93818,1923-05-15,2001-11-18,999-25-3475,S99968577,X30291800X,Mrs.,Juli424,Barton704,,Gutmann970,M,white,nonhispanic,F,Ware  Massachusetts  US,542 Aufderhar Quay Apt 13,West Springfield,Massachusetts,Hampden County,,42.10460998728745,-72.65504743018651,1506442.8900000001,18176.42
8aeeef59-43b3-4983-8f1d-54f3e8d5ea92,1988-01-03,,999-16-7944,S99944313,X89775026X,Mr.,Vaughn909,Beatty507,,,M,white,nonhispanic,M,Rome  Lazio  IT,843 Wyman Village,Essex,Massachusetts,Essex County,,42.64244935994607,-70.76418670012067,673772.09,6920.879999999998
8b119fdd-0fea-46dd-9106-b5c7813e7260,2000-07-25,,999-88-6112,S99942965,,Mr.,Christian753,Williamson769,,,,white,nonhispanic,M,Chelsea  Massachusetts  US,348 Beier Walk Unit 18,Medford,Massachusetts,Middlesex County,,42.402047492326986,-71.15136114008757,422348.35,6527.5999999999985
8bcead4c-0ed1-4350-81ae-af2e025c785b,1972-07-04,,999-83-4483,S99994791,X8462939X,Mr.,Lonnie913,Hayes766,,,S,white,nonhispanic,M,Scituate  Massachusetts  US,107 Grant Glen Unit 91,Shrewsbury,Massachusetts,Worcester County,,42.27280234673952,-71.73082636753746,990939.4500000001,4856.16
8be62b06-5994-47fe-aad8-a27a02e054fa,1987-12-02,2015-11-28,999-12-3049,S99939055,X44421851X,Ms.,Anita473,Nájera755,,,S,white,hispanic,F,Bayamon  Puerto Rico  PR,834 Stark Divide,Taunton,Massachusetts,Bristol County,,41.9327029676336,-71.08329366782947,568703.74,52372.80000000002
8c956d17-23d5-44d1-b41e-7f26833c77fd,1972-11-13,,999-34-1014,S99978926,X21005047X,Mrs.,Debbie941,Zieme486,,Feil794,M,white,nonhispanic,F,Chicopee  Massachusetts  US,226 Bogan Fort,Milford,Massachusetts,Worcester County,01757,42.157889285915374,-71.4995670554618,971612.15,8175.549999999999
8d202c65-427d-4190-8c28-3aa27e1a9f4c,1986-10-24,,999-82-4546,S99932840,X66208297X,Mrs.,Mariam937,Bogisich202,,Hermann103,M,white,nonhispanic,F,Milton  Massachusetts  US,1032 McClure Extension Unit 88,Framingham,Massachusetts,Middlesex County,01701,42.302908830789285,-71.40253108473641,811702.15,6333.559999999999
8e11ec6c-6b5d-42df-a45e-aedb6131ade4,1962-01-03,,999-91-6366,S99956396,X38701065X,Mrs.,Connie24,Schowalter414,,Okuneva707,M,white,nonhispanic,F,Ashland  Massachusetts  US,588 Gleichner Row Suite 91,Norfolk,Massachusetts,Norfolk County,,42.1424999847013,-71.28806229781397,1354707.17,7837.5999999999985
8fd4e053-b318-44d7-9401-0ca84b4d1347,1963-04-26,2006-05-08,999-13-9544,S99930869,X31810614X,Mrs.,Marian936,Thompson596,MD,Cole117,M,white,nonhispanic,F,Boston  Massachusetts  US,230 Murphy Camp Unit 83,Burlington,Massachusetts,Middlesex County,01803,42.46487561913233,-71.2154774863132,863263.12,8783.519999999999
9043026f-7d60-4b65-9c54-8ae48769ea00,1962-09-11,,999-81-1211,S99968027,X85658777X,Mrs.,Loria303,Boyer713,,O'Hara248,M,white,nonhispanic,F,Taunton  Massachusetts  US,560 Marquardt Park,Foxborough,Massachusetts,Norfolk County,02035,42.04750885284487,-71.23018574174291,1157985.1,9416.07
9077ab04-92a1-4189-aa2b-93e50a5c32ae,1944-04-02,,999-48-1185,S99910937,X54019908X,Ms.,Talisha682,Quitzon246,,,S,white,nonhispanic,F,Lynn  Massachusetts  US,696 Mosciski Vista,Springfield,Massachusetts,Hampden County,01107,42.05619624096183,-72.45944501193917,1513853.68,16687.3
91652d14-6f12-41a1-96fc-3048d111c4c8,1950-02-28,,999-61-3205,S99929718,X35334533X,Mr.,Garfield38,Cruickshank494,,,M,white,nonhispanic,M,Brockton  Massachusetts  US,916 Leannon Mill Apt 3,Stow,Massachusetts,Middlesex County,,42.38372710500693,-71.55720850211613,1348136.57,5655.24
926fc2c9-0e8c-4dd4-a00a-6d37a01dd304,1967-04-20,,999-60-4347,S99945103,X49043122X,Mrs.,Retta782,Volkman526,,Will178,M,white,nonhispanic,F,Acushnet  Massachusetts  US,784 Zulauf Drive Apt 10,Salem,Massachusetts,Essex County,,42.531695737254424,-70.83854995398195,1139250.94,9083.039999999999
93052e9a-d9e3-4899-ac29-7bcb7a34b0bb,1964-11-25,,999-92-8971,S99992105,X76920244X,Mrs.,Mariella503,Daugherty69,,Herman763,M,white,nonhispanic,F,North Reading  Massachusetts  US,461 Reichert Corner Apt 71,Auburn,Massachusetts,Worcester County,,42.163230466398886,-71.86979171417217,1238771.28,5457.839999999999
96ef7705-0147-4231-af55-dde1c20ead7e,1964-08-21,,999-50-1863,S99987994,X89797300X,Mrs.,Tonita173,Toy286,,Pfannerstill264,M,white,nonhispanic,F,Boston  Massachusetts  US,272 Corkery Plaza,Milford,Massachusetts,Worcester County,,42.1591637758283,-71.48734897035617,1175807.14,19631.39
9841342b-fa85-4526-9036-b138ffa81a2a,1985-06-06,,999-11-3190,S99956206,X3434695X,Mrs.,Lindsy319,Cummings51,,Heidenreich818,M,black,nonhispanic,F,Mansfield  Massachusetts  US,714 Lemke Crossing,Boston,Massachusetts,Suffolk County,02129,42.3184282624862,-71.08875381868788,709824.93,11174.689999999999
98d08360-e1de-46f4-a01e-0c66c92e5567,1925-04-22,1990-03-07,999-31-8775,S99977124,X20914913X,Mr.,Ethan766,Grant908,,,M,black,nonhispanic,M,Beverly  Massachusetts  US,369 Moore Stravenue Suite 76,Dennis,Massachusetts,Barnstable County,,41.693990130726036,-70.17583148075774,1352421.02,4817.679999999999
99070f34-0b6f-4e84-97ea-cfc44ffaf5e8,1981-06-20,,999-47-8269,S99935941,X6198901X,Mrs.,Cameron381,Lockman863,,Hills818,M,white,nonhispanic,F,Newton  Massachusetts  US,431 Goldner Gardens,Boston,Massachusetts,Suffolk County,02128,42.40242028224858,-70.95386271257382,893993.35,9212.89
9ab883b3-d1dd-4120-b19c-e78d3ea8c25c,1968-11-29,,999-68-4955,S99967390,X48732104X,Mrs.,Awilda854,Skiles927,,Schamberger479,M,white,nonhispanic,F,Melrose  Massachusetts  US,314 Haag Orchard Suite 76,Weymouth,Massachusetts,Norfolk County,02190,42.21684158173024,-70.97879265177234,1009463.77,14307.529999999997
9b286917-8a4b-4ea7-803e-21578f6882e1,1957-02-22,2017-02-17,999-20-7450,S99916428,X23257624X,Mrs.,Golden321,Ebert178,,Powlowski563,M,white,nonhispanic,F,Lowell  Massachusetts  US,916 Weber Meadow,Springfield,Massachusetts,Hampden County,01105,42.13483805587795,-72.51694261293493,1326062.96,9846.519999999999
9ba75b66-e3a1-4476-9494-586b7a759ea6,1967-11-27,1995-04-04,999-28-5447,S99977074,X16862711X,Mrs.,Jan231,Bauch723,,Miller503,M,white,nonhispanic,F,Northbridge  Massachusetts  US,926 Nienow Extension Apt 25,Concord,Massachusetts,Middlesex County,,42.49805045494135,-71.33876989886714,559045.94,5794.749999999999
9c489755-e480-4304-9e44-7e10e9b74766,1941-07-02,,999-21-2119,S99969053,X22328967X,Mrs.,Maria750,Schoen8,,Gaylord332,M,white,nonhispanic,F,Braintree  Massachusetts  US,189 Schroeder Gardens,Shrewsbury,Massachusetts,Worcester County,,42.333792599464886,-71.73162884225555,1417319.9,10280.64
9c4c1885-35af-48b9-a09f-4ea448d40d75,1922-02-14,2013-08-20,999-64-9847,S99913019,X22512472X,Mrs.,Elena945,Grijalva82,,Ávalos396,M,asian,hispanic,F,Lima  Lima Province  PE,238 Willms Bridge Suite 95,Cambridge,Massachusetts,Middlesex County,02140,42.41934282036403,-71.12776489120574,1511026.87,101892.76999999999
9c69f2d5-b7de-4634-84c5-bf3efd551f5e,1962-05-15,,999-44-5415,S99924172,X38008743X,Mr.,Danial835,D'Amore443,,,M,asian,nonhispanic,M,Bangalore  Karnataka  IN,139 Braun Flat,Peabody,Massachusetts,Essex County,01940,42.494156839378675,-70.94323770224116,1192081.0,4763.639999999999
9c74e701-193c-485d-8506-4ccbeec53f75,1961-12-09,,999-70-5302,S99970501,X69736359X,Mr.,Garth972,Hettinger594,,,M,white,nonhispanic,M,Revere  Massachusetts  US,811 McLaughlin Highlands Suite 72,Kingston,Massachusetts,Plymouth County,,41.97113139402301,-70.74831547653294,1204545.34,7694.919999999998
9dfbf6ed-2378-4c27-9ff7-7e5c0619c236,1962-11-08,,999-35-3043,S99919136,X32802151X,Ms.,Corine538,Macejkovic424,,,S,white,nonhispanic,F,Boston  Massachusetts  US,591 Schowalter Station,North Attleborough,Massachusetts,Bristol County,,41.93500408723226,-71.36865465749707,1248214.3,9888.46
9ec4030b-2529-4647-b325-b04c6b44874b,1969-07-16,,999-39-7572,S99976121,X71947659X,Ms.,Sherrell611,Hodkiewicz467,,,S,white,nonhispanic,F,North Attleborough  Massachusetts  US,329 Cartwright Meadow,South Hadley,Massachusetts,Hampshire County,,42.21898635196649,-72.57120350900628,1104505.85,9723.429999999998
9fe859fa-d775-494d-ae34-fa648e5d186d,1940-04-05,,999-39-9987,S99959606,X27169161X,Ms.,Erika442,Becker968,,,S,white,nonhispanic,F,Westport  Massachusetts  US,284 Christiansen Run,Middleborough,Massachusetts,Plymouth County,,41.89133678911103,-70.8546683836699,1477931.49,22954.53
a001f3e9-5955-4b52-bb83-99a791380c56,1957-08-31,,999-54-8544,S99945838,X55649009X,Ms.,Annalee788,Spencer878,,,S,white,nonhispanic,F,Springfield  Massachusetts  US,389 Beatty Plaza Apt 32,Milton,Massachusetts,Norfolk County,02186,42.21454866814037,-71.08066639769577,1273445.33,11860.719999999998
a52b02ff-bff3-4a5f-8fe4-f06a1712f0e6,1981-04-21,,999-16-2348,S99914837,X27959569X,Mr.,Domenic627,Emard19,,,M,white,nonhispanic,M,Duxbury  Massachusetts  US,300 Gutmann Parade Apt 24,Middleborough,Massachusetts,Plymouth County,,41.851517768916004,-70.8786893090792,802850.34,2661.3599999999997
a5fa511c-6acf-4994-a809-c9ce6e7c7ad9,1950-09-20,,999-89-8407,S99940190,X76961714X,Mrs.,Cherryl901,Jacobson885,,O'Conner199,M,white,nonhispanic,F,Newton  Massachusetts  US,892 Dibbert Port Suite 41,Norwood,Massachusetts,Norfolk County,,42.15590954611498,-71.20513104676905,1620491.0,12114.64
a6028f3c-c013-44af-97ff-949dd2096ed3,1946-09-20,,999-45-5647,S99976207,X25981103X,Mrs.,Ingrid581,Prohaska837,,Maggio310,M,white,nonhispanic,F,Watertown  Massachusetts  US,1075 Gutkowski Highlands,Stow,Massachusetts,Middlesex County,,42.3925631726881,-71.49142864954337,1005409.88,21606.21
a7005d62-3535-4d7d-8dc5-2a4c4f725511,1980-03-28,,999-76-4489,S99975807,X12264544X,Mr.,Mariano761,Ziemann98,,,M,white,nonhispanic,M,Milford  Massachusetts  US,710 Kling Drive,North Attleborough,Massachusetts,Bristol County,,41.96558013370281,-71.35819007833761,828580.97,6004.239999999999
a7df9539-bc46-4527-928d-8f2911418ebd,1947-07-12,,999-25-2782,S99989477,X28555713X,Mrs.,Lai148,Padberg411,,Rath779,M,asian,nonhispanic,F,Beijing  Beijing Municipality  CN,918 Walker Crossing,Peabody,Massachusetts,Essex County,,42.547527657002476,-70.98983493704046,1485068.8,10439.429999999998
a7fe533e-f2b1-4fcd-90ec-6663ca7919e7,1962-07-25,,999-19-6194,S99976787,X36793377X,Mrs.,Libbie63,Gaylord332,,Feest103,M,white,nonhispanic,F,Rehoboth  Massachusetts  US,686 Shields Dam,Easthampton,Massachusetts,Hampshire County,,42.22978144372635,-72.65363025988258,1180529.8699999999,5080.28
aaa1801a-51d1-4b7e-a5b8-7e8547be60a8,1925-03-23,1994-03-28,999-97-8316,S99944935,X53331553X,Mrs.,Sherlyn657,Luettgen772,,Labadie908,M,white,nonhispanic,F,Swampscott  Massachusetts  US,132 Torphy Landing Unit 37,Barnstable,Massachusetts,Barnstable County,02635,41.74535360405015,-70.26621016214949,1293004.98,12295.359999999999
ab41f97a-1f4a-4718-a760-1e112514f282,1967-11-19,,999-10-3892,S99936298,X89650205X,Mrs.,Della552,Feil794,,Crooks415,M,white,nonhispanic,F,Brookline  Massachusetts  US,321 Wisozk Green Suite 70,Salisbury,Massachusetts,Essex County,,42.87272301452984,-70.86597637099898,1114330.22,7682.559999999999
ab712bbf-6dc2-44b0-94f5-cde430069a6c,1997-10-15,,999-54-2128,S99956597,X89676072X,Ms.,Santina680,Stracke611,,,,white,nonhispanic,F,Longmeadow  Massachusetts  US,964 Schroeder Branch Apt 20,Spencer,Massachusetts,Worcester County,,42.23239195699545,-71.97059070927362,463328.0,3123.04
acb4817f-0ece-41d8-b179-82397a95a44a,1983-09-12,,999-45-5448,S99962675,X89346662X,Mrs.,Frankie174,Heathcote539,,Brown30,M,white,nonhispanic,F,Somerville  Massachusetts  US,687 Howell Frontage road Apt 68,Abington,Massachusetts,Plymouth County,02351,42.07952522604181,-70.97370970346904,848827.37,5351.999999999999
aefbe288-f630-4c24-b180-535f6554ac6a,1915-10-24,1988-11-11,999-25-5102,S99913895,X22160343X,Mrs.,Vallie201,Prohaska837,,Weimann465,M,white,nonhispanic,F,Boston  Massachusetts  US,209 O'Keefe Ramp Suite 14,Quincy,Massachusetts,Norfolk County,02186,42.308215836781095,-70.97318152024697,1363602.26,9325.64
b13d1ddc-4cc8-4b99-a4af-cb0c0c6f605a,1977-09-28,,999-92-5238,S99958686,X30352014X,Ms.,Bobbie849,Boyer713,,,S,white,nonhispanic,F,Stow  Massachusetts  US,776 Franecki Port,Waltham,Massachusetts,Middlesex County,02472,42.429021932143996,-71.28146732169488,904760.38,5557.759999999999
b2888f4d-5623-43c7-b010-3678e2f4f82a,1992-01-22,,999-23-2047,S99912418,X27987801X,Mrs.,Lula998,Schulist381,,Terry864,M,white,nonhispanic,F,Easton  Massachusetts  US,1041 Jacobs Way,Haverhill,Massachusetts,Essex County,,42.81387542633375,-71.18164282603203,583480.4,4017.0799999999995
b58731cc-2d8b-4c2d-b327-4cab771af3ef,1970-05-16,,999-90-2484,S99978036,X78170348X,Mrs.,Isabel214,Lucio648,,Carvajal694,M,white,hispanic,F,Santiago  Santiago Province  CL,335 Morar Highlands Apt 75,Fall River,Massachusetts,Bristol County,02720,41.68768444527544,-71.0557687821624,987310.04,14166.009999999997
b87254fa-724d-4a80-8ac7-ca3c528d6e90,1969-03-04,,999-47-3151,S99916065,X82763775X,Mrs.,Adell482,Mosciski958,,Jacobs452,M,asian,nonhispanic,F,Holyoke  Massachusetts  US,426 Harvey Knoll,Wilmington,Massachusetts,Middlesex County,,42.55908840947813,-71.1987355964348,1075485.03,15191.06
ba190ea7-9318-4b89-a17a-907a71ef24fa,1923-05-15,2017-05-18,999-23-2661,S99958066,X11115976X,Mrs.,Etta748,Adams676,,McLaughlin530,M,white,nonhispanic,F,Lynn  Massachusetts  US,280 Wiegand Avenue,West Springfield,Massachusetts,Hampden County,,42.15130575303953,-72.6794484091406,1519514.57,34660.11
ba756dea-d446-44aa-a3cd-304fcb047bee,1943-02-21,,999-23-1775,S99932582,X33965515X,Mrs.,Bao544,Gutmann970,,Rowe323,M,white,nonhispanic,F,Amherst  Massachusetts  US,647 Tromp Path Unit 6,Boston,Massachusetts,Suffolk County,02113,42.30461724224198,-71.12031341543009,1473712.49,13129.019999999999
bc7b7bdb-c9cb-4d48-b5f3-da873de93a22,1971-03-19,,999-47-2780,S99968702,X78670564X,Mrs.,Merrill415,Wilderman619,,Tromp100,M,asian,nonhispanic,F,Beijing  Beijing Municipality  CN,809 Shanahan Bypass Unit 77,Rutland,Massachusetts,Worcester County,,42.39074181678582,-71.98002290616017,493796.75,3445.4799999999996
be33d994-f841-40a4-9410-66555cf90fed,1969-02-11,,999-62-9791,S99972649,X64212036X,Mrs.,Arnetta705,Schumm995,,Rolfson709,M,white,nonhispanic,F,Millis  Massachusetts  US,777 Sanford Fort Suite 96,Reading,Massachusetts,Middlesex County,01801,42.56115558382807,-71.06736074291884,1027698.46,18168.219999999998
bfb101aa-8d36-422b-8e5c-b7275d279de0,1958-05-07,,999-18-2382,S99989268,X58347333X,Mr.,Teodoro374,Dooley940,,,M,white,nonhispanic,M,Tewksbury  Massachusetts  US,801 Block Lane Apt 35,Boston,Massachusetts,Suffolk County,02128,42.31856782193873,-71.12492567540562,1272094.65,5267.759999999999
c1a6f986-01c4-4581-ba74-bf22d28f8ace,1914-09-05,1984-03-28,999-33-1917,S99953225,X34546171X,Mrs.,Telma919,Morissette863,,Gerlach374,M,white,nonhispanic,F,Weston  Massachusetts  US,726 Hermiston Center,Norwood,Massachusetts,Norfolk County,,42.14361422470023,-71.21750472940579,1321264.9,22242.37
c1de8dc8-87e2-4016-8b95-fdc64c3bc78d,1923-05-15,,999-87-1248,S99968943,X27186908X,Ms.,Francisca486,Turner526,,,S,white,nonhispanic,F,Greenfield  Massachusetts  US,528 Swift Run Apt 95,West Springfield,Massachusetts,Hampden County,,42.099935662806516,-72.60703843441286,1452293.35,18500.749999999996
c4790199-5f06-4622-932a-1664a684d670,2000-09-19,,999-91-5933,S99985044,,Ms.,Tora746,Hammes673,,,,white,nonhispanic,F,Everett  Massachusetts  US,806 West Club Unit 50,Beverly,Massachusetts,Essex County,,42.605387421776776,-70.79548490146477,404108.88,2938.92
c563f50c-54a9-4b37-9028-bff3db7e3e27,1997-12-14,2017-11-24,999-23-1726,S99967213,,Mr.,Reid278,Von197,,,,white,nonhispanic,M,Medford  Massachusetts  US,546 Kuhlman Mission,Lynn,Massachusetts,Essex County,01940,42.43797423511169,-71.03524571780106,432035.35000000003,2502.2799999999997
c5d6bdfa-5554-4927-8fa8-794e5514cb56,1978-10-26,,999-42-1582,S99912021,X572354X,Mr.,Edmundo94,Romaguera67,,,M,white,nonhispanic,M,Chelsea  Massachusetts  US,1065 Hackett Ville Suite 4,Gloucester,Massachusetts,Essex County,01930,42.58996468923887,-70.67929431030888,857055.38,6102.559999999999
c844d8ac-d5bf-45eb-b8cf-84327c9a4e97,1965-07-08,,999-43-1836,S99911853,X60743162X,Mrs.,Dannette613,Bartoletti50,,Murray856,M,white,nonhispanic,F,Hudson  Massachusetts  US,152 Heller Wynd Apt 16,Holyoke,Massachusetts,Hampden County,01040,42.17012869663392,-72.64125400364453,1144444.29,17489.929999999997
c9942738-49f3-4459-818f-8da20072ff76,1935-10-27,,999-51-8991,S99943659,X35254406X,Mr.,Reginald96,Kunze215,,,M,white,nonhispanic,M,Swampscott  Massachusetts  US,200 Jaskolski Annex,Arlington,Massachusetts,Middlesex County,02474,42.406609350424894,-71.19983799791,1412705.08,15725.5
ca4bcd9a-99f3-4789-aba5-024fc199ac9c,1985-06-09,,999-40-1437,S99939437,X71179619X,Mr.,Art115,Schinner682,,,M,white,nonhispanic,M,Lincoln  Massachusetts  US,559 Beier Club Suite 49,Scituate,Massachusetts,Plymouth County,,42.224273443642645,-70.74077397474272,740122.39,4807.0
ca8803ac-66ef-4895-a8c4-290313fcee6f,1980-05-06,,999-49-8670,S99952852,X444716X,Ms.,Rowena386,Borer986,,,S,white,nonhispanic,F,Rockland  Massachusetts  US,825 Waters Landing,Somerville,Massachusetts,Middlesex County,02143,42.41364277918324,-71.10183634931163,876959.51,31706.23
cad44a83-848c-4019-a175-291a150b9d05,1971-02-23,,999-59-1066,S99977958,X42955785X,Mrs.,Patrice780,Hills818,PhD,Watsica258,M,black,nonhispanic,F,Ashland  Massachusetts  US,409 Tremblay Fort Suite 92,Needham,Massachusetts,Norfolk County,02494,42.28287023232171,-71.27268588682404,1125499.22,10109.889999999998
ccbd3a61-50ff-4f6f-8d64-8105c3fc54cf,1981-09-03,,999-68-8570,S99929677,X70211797X,Mr.,Jamel269,Turner526,,,M,white,hispanic,M,Duxbury  Massachusetts  US,677 Hills Flat Apt 15,Boston,Massachusetts,Suffolk County,,42.33633573504204,-71.07191689678216,808765.24,8690.639999999998
d10ef59e-2231-467e-bbd0-c76c73f04f95,1988-03-22,,999-91-1484,S99974679,X28708535X,Mrs.,Sixta311,Wyman904,,Pfannerstill264,M,white,nonhispanic,F,Danvers  Massachusetts  US,836 McClure Row,Hanover,Massachusetts,Plymouth County,,42.12048540043063,-70.89678992011116,666064.74,3450.4399999999996
d286528e-a39a-4c04-8545-5e648f781052,1974-04-25,,999-72-6418,S99924001,X17879337X,Mrs.,Scottie437,Koss676,,Witting912,M,black,nonhispanic,F,Worcester  Massachusetts  US,474 Hettinger Arcade,Hamilton,Massachusetts,Essex County,,42.60556595208804,-70.89170392731684,890218.58,7506.6799999999985
d2f15935-a7c8-460e-add0-a1d39c4cc584,2001-11-12,,999-36-2124,S99911573,,Ms.,Karyn217,Ullrich385,,,,white,nonhispanic,F,Southborough  Massachusetts  US,928 Metz Rest Unit 53,Somerville,Massachusetts,Middlesex County,02145,42.422822269930016,-71.13445328896383,382204.52,3086.3999999999996
d317663c-f8b8-47a7-915f-e3e68d1214cc,1995-06-04,,999-13-6393,S99924211,X318769X,Mr.,Anton902,O'Kon634,,,,white,nonhispanic,M,Chelsea  Massachusetts  US,687 Nolan Haven,Southwick,Massachusetts,Hampden County,,42.019348338729436,-72.76789808020426,512630.33,2717.24
d49f748f-928d-40e8-92c8-73e4c5679711,1967-06-14,,999-15-5162,S99979086,X15362198X,Mr.,Wesley533,Rau926,,,S,white,nonhispanic,M,Chicopee  Massachusetts  US,788 Wilderman Vale,New Bedford,Massachusetts,Bristol County,,41.651828069867825,-70.98799740134385,1096170.87,5593.5599999999995
d4adfa2e-89ba-4ae6-9770-ef5a7ec4173a,1961-11-08,2016-01-30,999-36-1067,S99973066,X67632287X,Mrs.,Tabetha269,Predovic534,,Schuster709,M,white,nonhispanic,F,Boston  Massachusetts  US,956 Bernhard Vale Apt 89,Hatfield,Massachusetts,Hampshire County,,42.332166371874514,-72.61087308891254,1469460.53,11355.479999999998
d6a2da1f-ef65-4292-b637-8a0d6ac9b3ec,1939-04-01,,999-94-5198,S99932978,X73086791X,Mr.,Cleveland582,Mayer370,,,M,white,nonhispanic,M,Groton  Massachusetts  US,774 Kuhlman Green,Fitchburg,Massachusetts,Worcester County,01420,42.59176966614639,-71.84865096015466,1389079.52,13768.16
d8b07feb-551d-4b3c-9733-c468b8104f0c,1951-04-05,2015-10-28,999-81-2328,S99947671,X28307889X,Mrs.,Siobhan540,Walker122,JD,Batz141,M,white,nonhispanic,F,Boston  Massachusetts  US,791 Senger Parade Suite 30,Barnstable,Massachusetts,Barnstable County,02635,41.6852499525484,-70.35222939790243,1529172.57,11114.599999999999
d9f90c91-2e37-40ca-a574-89b33a120d16,1976-03-23,,999-93-7358,S99953686,X66050344X,Mrs.,Verdie59,Williamson769,,Price929,M,white,nonhispanic,F,Belchertown  Massachusetts  US,1028 Gulgowski Center Apt 54,Lawrence,Massachusetts,Essex County,01840,42.64616075675013,-71.12580046967778,1055659.51,7730.709999999999
dac134fa-7f57-4211-923a-e943a5c11d93,1969-02-26,,999-44-6609,S99925838,X44037088X,Mr.,Ted955,Howell947,,,M,white,nonhispanic,M,Boston  Massachusetts  US,182 Donnelly Parade,Easton,Massachusetts,Bristol County,,42.04152324054513,-71.14408124821426,1091314.04,4413.719999999999
db0664e9-0545-4d45-ab47-a5a0ef52da0d,1994-12-25,,999-13-9982,S99974566,X62794246X,Mr.,Marcelo725,Skiles927,,,,white,nonhispanic,M,Malden  Massachusetts  US,527 Sanford Ville Suite 6,Everett,Massachusetts,Middlesex County,02149,42.45295566162455,-71.07431934758517,521283.91000000003,2895.56
dd0feb0d-607b-4d38-887e-657586bc28a3,1962-07-10,,999-34-5113,S99929042,X26136855X,Mrs.,Mercedes82,Agosto501,,Reséndez908,M,black,hispanic,F,Tegucigalpa  Francisco Morazán  HN,542 Terry Well,Boston,Massachusetts,Suffolk County,02210,42.37808716269792,-71.08309544642323,1260671.68,9023.079999999998
dda6a788-814a-48f2-8ebe-bc57e4cefd92,1942-07-23,2003-02-15,999-32-4761,S99989957,X17462476X,Mrs.,Paulene52,McCullough561,,Ritchie586,M,white,nonhispanic,F,Tewksbury  Massachusetts  US,1093 Kunde Green,Cambridge,Massachusetts,Middlesex County,02140,42.379708577638134,-71.06945501754468,1223442.04,9230.639999999998
e033651a-9391-4ca7-abe5-3823b60a12d9,1937-02-17,,999-77-5341,S99911663,X5689461X,Ms.,Shaunte610,Franecki195,,,S,white,nonhispanic,F,Ashland  Massachusetts  US,430 Ondricka Track Suite 83,Concord,Massachusetts,Middlesex County,,42.4602026566285,-71.39401579356566,1432946.24,19505.399999999998
e061409e-4b85-4ec1-b1f7-02677d51f763,1997-09-11,,999-32-2366,S99995098,X50396137X,Ms.,Tabetha269,O'Hara248,,,,white,nonhispanic,F,Auburn  Massachusetts  US,1080 Sawayn Gateway Suite 9,Framingham,Massachusetts,Middlesex County,01701,42.322481901594394,-71.40032560558313,548793.2,9322.69
e1146189-55f3-4bad-9ee3-beca009d27a5,1972-03-16,,999-41-2437,S99956039,X26815049X,Mr.,Cruz300,O'Keefe54,,,M,white,nonhispanic,M,Worcester  Massachusetts  US,1044 Daniel Byway,Boston,Massachusetts,Suffolk County,02203,42.26991720232087,-71.12555342181666,997319.28,4905.32
e1b30dc8-2618-42c1-a3f8-9c2d8ac49c5f,1917-05-07,1977-12-30,999-43-1809,S99963346,X21574624X,Mr.,Hai304,Bartell116,,,S,white,nonhispanic,M,Woburn  Massachusetts  US,594 Doyle Quay,Newburyport,Massachusetts,Essex County,01950,42.72479941938905,-70.8060572406931,1517661.1900000002,6784.079999999999
e3386a13-d652-45fe-abd9-f01d1b023e6f,1965-10-19,,999-36-5986,S99991271,X71898457X,Ms.,Tomeka87,Gaylord332,,,S,white,nonhispanic,F,Lowell  Massachusetts  US,578 Welch Trace Unit 19,Bridgewater,Massachusetts,Plymouth County,,41.92771513075542,-70.99374196929969,1225181.88,6315.2
e4f1bd35-93ae-418b-b8cf-d39c3fbb069c,1957-02-25,,999-66-4231,S99983425,X1708221X,Ms.,Raye931,Wunsch504,,,S,white,nonhispanic,F,Arlington  Massachusetts  US,585 Greenfelder Camp,Quincy,Massachusetts,Norfolk County,02169,42.266511451175816,-70.95648012153919,1551125.51,11583.439999999999
e5b763ef-2b9f-4c7d-8dbd-1a8ffad0d649,1964-02-07,,999-41-6503,S99955008,X71907102X,Ms.,Williemae619,Daniel959,,,S,white,hispanic,F,Lynn  Massachusetts  US,969 Rosenbaum Track,Palmer,Massachusetts,Hampden County,01095,42.08664991652326,-72.30657366803703,1292092.94,14365.099999999999
e5ed8098-6c35-447e-b216-8f5642ab01a8,1946-02-13,,999-41-4351,S99921400,X39203831X,Mrs.,Naida467,Raynor401,,Haley279,M,white,nonhispanic,F,Georgetown  Massachusetts  US,137 Quigley Highlands Unit 94,Brockton,Massachusetts,Plymouth County,02301,42.08462849052339,-70.91808452307437,1064191.4100000001,9439.689999999999
e8ae3951-69d1-4257-a22b-ed03327260d7,1995-06-29,,999-72-7444,S99913253,X35061185X,Mr.,Jessie665,Hegmann834,,,,black,nonhispanic,M,Westborough  Massachusetts  US,982 Mueller Rue,Chelsea,Massachusetts,Suffolk County,02151,42.394747327406954,-71.08092481508541,521662.09,3780.4399999999996
e974e5c3-9b22-41f2-b3a3-c12848f29a73,1922-02-14,2016-04-17,999-40-9174,S99950579,X27596354X,Mrs.,Ramona980,Alcaraz418,,Vázquez552,M,asian,hispanic,F,Port-au-Prince  Haiti  HT,932 Hoppe Camp Unit 1,Cambridge,Massachusetts,Middlesex County,02140,42.32956821377,-71.06557507140965,1399151.49,28678.46
eaa47c11-c363-48a2-b6d6-7382de05bec5,1943-12-20,,999-86-6932,S99916404,X51185382X,Mr.,Teodoro374,Bednar518,,,M,white,nonhispanic,M,Boxborough  Massachusetts  US,996 McClure Flat,Harwich,Massachusetts,Barnstable County,,41.742772323882086,-70.0865125265607,1372008.98,7591.719999999999
eabd08f9-513a-40a9-8932-d7e166b9941a,1981-10-10,,999-15-4418,S99910574,X69522263X,Mrs.,Julienne688,Parker433,,Wisoky380,M,white,nonhispanic,F,Dracut  Massachusetts  US,823 Wolf Harbor Unit 4,Fairhaven,Massachusetts,Bristol County,,41.654357907334756,-70.836481266277,792113.91,7944.999999999998
eabfe6f1-0b13-43b2-9b6e-291363b2f856,1937-04-27,2018-05-09,999-86-9597,S99934860,X40355437X,Mrs.,Cortney940,Lowe577,,Will178,M,white,nonhispanic,F,Cambridge  Massachusetts  US,458 Streich Street,Lunenburg,Massachusetts,Worcester County,01462,42.53788108011311,-71.72079110266978,1437012.87,22519.379999999994
eb17a151-7936-4b4b-a492-8c1ba9d1cc3b,1950-02-28,1996-10-02,999-96-4102,S99961965,X37998850X,Mr.,Benjamin360,Ortiz186,,,M,white,nonhispanic,M,Burlington  Massachusetts  US,820 Willms Mews,Stow,Massachusetts,Middlesex County,,42.42786935184697,-71.51841477201583,963410.37,3293.72
ecd32edf-a122-4d6b-a180-b84367bb726a,1939-06-22,2014-01-01,999-61-2076,S99976219,X52578889X,Mr.,Elmo857,Hackett68,,,M,white,nonhispanic,M,Shrewsbury  Massachusetts  US,180 Powlowski Row Suite 56,Framingham,Massachusetts,Middlesex County,,42.3483955249937,-71.44923851141426,1378418.35,16976.600000000002
ed55adb7-3395-4c69-a0b8-b85936c1731c,1977-12-10,,999-13-6445,S99964407,X11904300X,Ms.,Rudy520,Baumbach677,,,S,white,nonhispanic,F,Wrentham  Massachusetts  US,682 Tromp Boulevard,Worcester,Massachusetts,Worcester County,01606,42.21422615817189,-71.83221686253611,956898.95,7960.879999999998
ed965dc3-2f77-4277-8684-b044a57a962b,1984-09-14,,999-61-8030,S99928444,X70096367X,Mr.,Homer307,Mayer370,,,M,white,nonhispanic,M,Wareham  Massachusetts  US,460 Moen Neck Unit 72,Gloucester,Massachusetts,Essex County,01930,42.669539489191926,-70.69016958096938,733727.71,2759.68
ef0e5433-6dab-4608-86e4-5b2fb9647d2d,1977-04-08,,999-30-4653,S99924447,X19862675X,Mrs.,Danyelle408,Hodkiewicz467,,Bergstrom287,M,white,nonhispanic,F,Pittsfield  Massachusetts  US,857 Moen Common Suite 59,Yarmouth,Massachusetts,Barnstable County,,41.68922151276377,-70.27219385155014,959700.97,6590.999999999999
f0f6572b-1588-4828-bb8b-e3148692e536,1978-09-13,,999-60-5329,S99986520,X59601309X,Mr.,Barney639,Huels583,,,S,white,nonhispanic,M,Gloucester  Massachusetts  US,676 Hirthe Mews Unit 69,Lowell,Massachusetts,Middlesex County,01852,42.63177521103531,-71.31464749898872,882145.9299999999,9114.759999999998
f1728f28-ef0c-4342-9216-a4a4e8375961,1987-01-13,,999-82-3062,S99924959,X4991495X,Ms.,Scott935,MacGyver246,,,S,white,nonhispanic,F,Palermo  Sicily  IT,374 Treutel View,Carlisle,Massachusetts,Middlesex County,,42.57454666851619,-71.35503962000654,757582.97,8576.769999999999
f186b9f3-8c70-4bbc-8335-4bb2ccca0a3c,1995-02-14,,999-75-2260,S99943654,X69505651X,Ms.,Tanisha724,Schmidt332,,,,white,nonhispanic,F,Haverhill  Massachusetts  US,905 Batz Avenue,Boston,Massachusetts,Suffolk County,02215,42.318194074874015,-71.09588519235254,506472.1,4364.5599999999995
f1e270bf-45bd-481b-938f-0aed25ddbed3,1992-10-05,,999-24-5753,S99957248,X73526709X,Mrs.,Earleen680,Huels583,,Kulas532,M,white,nonhispanic,F,Mattapoisett  Massachusetts  US,290 Heidenreich Lodge,North Attleborough,Massachusetts,Bristol County,,41.9852901247604,-71.3428650643273,558180.82,2726.3999999999996
f1e65288-3df1-4bb4-b67e-b41d6f1385a2,1927-06-30,1988-06-27,999-56-6027,S99935994,X45518558X,Mrs.,Sharita792,Osinski784,,Aufderhar910,M,white,nonhispanic,F,Marlborough  Massachusetts  US,461 Turner Wall,North Adams,Massachusetts,Berkshire County,01247,42.70716029174708,-73.16767366137681,1389877.65,11129.719999999998
f25be418-dc57-4c06-855c-b0e6315e4189,1966-03-16,,999-56-8425,S99960780,X36011830X,Ms.,Dannielle300,Cormier289,,,S,white,nonhispanic,F,Springfield  Massachusetts  US,884 Volkman Glen,Westfield,Massachusetts,Hampden County,01086,42.17105953499847,-72.80333755183413,625541.72,6267.719999999999
f4b626d3-6a08-4041-a726-c3d6305fabf3,1998-02-15,,999-63-5949,S99928958,X83375979X,Mr.,Daron260,Emard19,,,,white,nonhispanic,M,Fall River  Massachusetts  US,180 Reynolds Run Suite 94,Williamsburg,Massachusetts,Hampshire County,,42.449344189211274,-72.69346812909541,458252.94,3203.04
f5770761-ebcf-49ff-883a-b8040926f9a2,1984-04-16,,999-73-5061,S99933367,X61484212X,Mrs.,Carolina179,Stiedemann542,,Osinski784,M,white,nonhispanic,F,Sharon  Massachusetts  US,1024 Bayer Corner,Arlington,Massachusetts,Middlesex County,02474,42.38815890864754,-71.13230984128695,231896.16,3188.6099999999997
f64742bf-8cac-4780-ae38-3e6781e0d008,1986-12-27,,999-52-8024,S99912324,X34571000X,Mr.,Josiah310,Stokes453,,,M,white,nonhispanic,M,Attleboro  Massachusetts  US,718 Bailey Wall,Reading,Massachusetts,Middlesex County,,42.534819856706434,-71.0765786491374,689887.12,4217.08
f8f79900-d474-43e5-8b45-ef83fd7ab547,1992-06-27,,999-73-5900,S99920147,X68423755X,Mrs.,Clorinda310,Williamson769,,Lebsack687,M,white,nonhispanic,F,Newton  Massachusetts  US,319 McKenzie Bypass Unit 36,Milton,Massachusetts,Norfolk County,,42.27197070148121,-71.12590884006238,595909.17,8968.239999999998
f9149e25-1799-44bf-a5aa-449b41161345,1981-05-26,,999-16-7133,S99912967,X38833568X,Mrs.,Valrie435,Mertz280,,Hauck852,M,white,hispanic,F,Wellesley  Massachusetts  US,939 Gutmann Alley,Cambridge,Massachusetts,Middlesex County,02138,42.3980141047666,-71.04818241067137,825368.39,23877.659999999996
f9b8f463-595a-49c5-8c5a-18ec493301fb,1959-04-03,,999-15-2384,S99975287,X85217380X,Mrs.,Randa356,Braun514,,Metz686,M,white,nonhispanic,F,Westford  Massachusetts  US,362 Corkery Gate Suite 33,Pittsfield,Massachusetts,Berkshire County,01201,42.41793330609205,-73.31132002497094,1297941.78,19633.299999999996
fa1b3cf1-5443-48c4-b663-ca38914a0e91,1946-12-07,,999-29-4506,S99981162,X62914440X,Ms.,Taisha184,Balistreri607,,,S,white,nonhispanic,F,Burlington  Massachusetts  US,375 Hammes Branch,Cambridge,Massachusetts,Middlesex County,02140,42.35915979180199,-71.12518222229,1357207.47,12388.759999999998
fa7dfb15-98af-4a78-8c9c-228dacf90153,1958-05-20,,999-58-8773,S99965069,X41095772X,Mr.,Weldon459,McGlynn426,,,M,white,nonhispanic,M,Gloucester  Massachusetts  US,472 Langworth Vista,Newton,Massachusetts,Middlesex County,02460,42.295456544728026,-71.17530267013483,1295801.2,6263.48
fc817953-cc8b-45db-9c85-7c0ced8fa90d,1914-09-05,,999-72-8988,S99919344,X80016509X,Mrs.,Oneida64,Nicolas769,,MacGyver246,M,white,nonhispanic,F,Worcester  Massachusetts  US,163 Schulist Crossing,Norwood,Massachusetts,Norfolk County,02090,42.233959510728816,-71.24522427276032,1510158.34,26565.649999999998
fca3178e-fb68-41c3-8598-702d3ca68b96,1914-09-05,1990-03-17,999-48-3257,S99949673,X25242364X,Mrs.,Shira43,Bruen238,,Jacobi462,M,white,nonhispanic,F,Springfield  Massachusetts  US,537 Boehm Course,Norwood,Massachusetts,Norfolk County,02062,42.16714610945493,-71.23546103514177,1375833.47,13156.999999999998
fd0b3930-9d0a-45e4-a63f-deb872627381,1999-04-25,,999-64-3710,S99968040,X29336131X,Ms.,Janyce124,Schuster709,,,,white,nonhispanic,F,Chelmsford  Massachusetts  US,154 Halvorson Trailer Unit 68,South Hadley,Massachusetts,Hampshire County,,42.265624908476006,-72.6233837476532,436947.5,4118.759999999999
fd3be685-fa44-4ccd-836a-f4a47b2d4d34,1978-07-05,,999-93-4311,S99991973,X24841742X,Mr.,Augustine565,Bruen238,,,M,white,nonhispanic,M,Medway  Massachusetts  US,809 Armstrong Branch,Medford,Massachusetts,Middlesex County,02155,42.40293029265355,-71.08307240734266,872165.26,3651.2799999999997
fdb2a2ee-09c2-499b-b324-d998d5226f19,1946-09-23,,999-82-1193,S99974103,X28216901X,Mrs.,Shaun461,Graham902,,Bode78,M,white,nonhispanic,F,Dedham  Massachusetts  US,117 Hansen Approach Unit 84,Wilmington,Massachusetts,Middlesex County,01887,42.5844451888122,-71.16346173880649,1332583.33,10562.749999999998
ff6948b7-3d62-4bfc-bc7d-dbb6748ed0be,1977-06-27,,999-74-1098,S99920742,X61393763X,Mrs.,Kris249,Champlin946,,Buckridge80,M,white,nonhispanic,F,Millbury  Massachusetts  US,829 Gulgowski Knoll Unit 0,Fall River,Massachusetts,Bristol County,02720,41.702741083293354,-71.1602854804238,994509.38,16754.769999999997
