Id,ORGANIZATION,NAME,GENDER,SPECIALITY,ADDRESS,CITY,STATE,ZIP,LAT,LON,UTILIZATION
002e03de-a565-3a59-a0b8-137bebc447ab,740b5dfb-075d-3b29-8052-55d810031939,Laurence43 Witting912,M,GENERAL PRACTICE,87 METACOMET ST,BELCHERTOWN,MA,01007-9795,42.27901,-72.400468,80
006bcb89-50e6-382f-8784-3cdf167ccbde,f99c74cc-7d1a-3f95-9a33-4a9357bf2f2a,Darlena95 Pfannerstill264,F,GENERAL PRACTICE,55 LAKE AVENUE NORTH,WORCESTER,MA,01655,42.269478,-71.807783,590
00c9ef7a-2992-310a-a2bd-c7ca035e4ecf,8b58cdd1-3d79-3126-8fe0-da2c54d6805c,Terry864 Wiegand701,M,GENERAL PRACTICE,2100 DORCHESTER AVENUE,BOSTON,MA,02124,42.33196,-71.020173,369
0138a9a6-49f9-3d54-9399-31a85414188d,0f7f97f6-693c-3de9-8190-85feaf4632e2,Jamie386 Eichmann909,M,GENERAL PRACTICE,1 HARBORSIDE DRIVE,EAST BOSTON,MA,2128,42.3634497,-71.0256963,19
01e58660-93f3-3c72-92fc-fe0d098c9e36,cbbee84d-7644-3b24-9f41-e3747f5050df,Houston994 Osinski784,M,GENERAL PRACTICE,26 QUEEN STREET,WORCESTER,MA,1610,42.2590345,-71.8139319,80
0319c0e9-aa9f-395b-b9a7-3afd9697d101,9643bcaf-1f4d-3b2f-b0ff-b5d0cc319a47,Von197 Murazik203,M,GENERAL PRACTICE,1 CHARLES ST,DORCHESTER,MA,02122-1403,42.33196,-71.020173,37
0359f968-d1a6-30eb-b1cc-e6cc0b4d3513,5e765f2b-e908-3888-9fc7-df2cb87beb58,Gaynell126 Streich926,F,GENERAL PRACTICE,211 PARK STREET,ATTLEBORO,MA,02703,41.931653,-71.294503,2287
039d233c-5fa1-3cfd-a401-80aa000aa192,7fee7d3e-4b7d-3238-86f1-96700562897c,Sacha430 Wilkinson796,F,GENERAL PRACTICE,200 PROVIDENCE HWY,DEDHAM,MA,02026-1881,42.246871999999996,-71.179462,72
03abb4a4-0f99-34a2-baf7-dc8aab89b2c7,9873b0a6-2104-34f2-a2ec-924223ef0ae5,Rosana394 Larkin917,F,GENERAL PRACTICE,736 CAMBRIDGE ST,BRIGHTON,MA,02135-2907,42.33196,-71.020173,62
03cb5f51-e1e7-33f0-bd1a-5456b935d0d2,9d4bbb88-396c-33ad-ab6a-d2592eac9c74,Kami26 Quitzon246,F,GENERAL PRACTICE,20 HOPE AVE,WALTHAM,MA,02453-2717,42.388921,-71.24226800000001,42
03cdda04-bde2-369e-8eec-bfe56caa2f24,ea5419a8-3670-39a7-a49b-0df776df60b2,Palma671 Yost751,F,GENERAL PRACTICE,103 GARLAND ST,EVERETT,MA,02149-5095,42.405938,-71.054649,50
05a143d2-3a7d-3764-b23b-c760b0d7af13,1eaf97fa-9de6-38de-a9c4-6efe5dc574be,Ashlea10 Funk324,F,GENERAL PRACTICE,123 SUMMER STREET,WORCESTER,MA,01608,42.269478,-71.807783,409
066c4d42-0935-3533-b6c5-ba203465af11,8e65bfae-f627-32e8-bce0-b44f7130befe,Derek111 Streich926,M,GENERAL PRACTICE,10 LONGWOOD DR,WESTWOOD,MA,02090-1123,42.219645,-71.216768,92
08041271-e7c2-3b83-ab20-5c99b22d4cd6,616aa60c-0364-3315-ae16-7133ae5181bd,Deloris888 Kirlin939,F,GENERAL PRACTICE,336 MAIN ST,WAKEFIELD,MA,01880-5013,42.50436,-71.064061,88
08539150-3673-333b-b5d5-e6f3adde8870,eeca3319-9cbf-382e-a7ee-43986c981135,Hassan290 Rath779,M,GENERAL PRACTICE,58 TREMONT STREET,TAUNTON,MA,2780,41.9048719,-71.106073,13
085f7e80-a42a-3d1e-ad66-35c17e3f8221,c2128582-91b3-31c0-8ddd-988d43cbc166,Antone63 Dare640,M,GENERAL PRACTICE,5 SACRAMENTO ST,CAMBRIDGE,MA,02138-1812,42.376043,-71.11868,63
08703819-4d5c-3998-9de3-6ef611285bbc,a9afd4c9-8443-3b5a-a486-07c3bb109b3f,Judith460 Johns824,F,GENERAL PRACTICE,444 MONTGOMERY STREET,CHICOPEE,MA,1020,42.1718584,-72.5849672,242
0a505eca-1007-33a6-9b2a-5819e5833e1b,f28ce7cd-867f-3431-99e3-ab62ed072852,Joshua658 Christiansen251,M,GENERAL PRACTICE,454 BROADWAY,REVERE,MA,02151-3050,42.421005,-70.99036,54
0a8a9359-7b33-3256-a068-b5a7d18ebe4b,465de31f-3098-365c-af70-48a071e1f5aa,Keri25 Schmidt332,F,GENERAL PRACTICE,115 LINCOLN STREET,FRAMINGHAM,MA,01701,42.307905,-71.436196,1760
0b51c100-4a54-35bd-9f8e-52f29cccc7ef,58fa71de-2295-33b8-8932-176a72078898,Homer307 Wiegand701,M,GENERAL PRACTICE,265 PLEASANT ST,ROCKLAND,MA,02370-1280,42.129251000000004,-70.908736,88
0c52e32a-160f-3401-923d-15335dadb371,bfc71898-9ad0-3959-828d-fa8d2e8f296f,Jaqueline846 Reinger292,F,GENERAL PRACTICE,281 COUNTY ST,ATTLEBORO,MA,02703-3511,41.931653000000004,-71.294503,47
0e115b43-0dd3-30fc-a39b-1b36d76fe44e,1ae16480-11ce-35df-89ee-78947036c59c,Isaias604 Ortiz186,M,GENERAL PRACTICE,1180 BEACON ST,BROOKLINE,MA,02446-3885,42.323853,-71.142003,70
0f365bed-2aa2-3340-974f-3fcf51fd477a,d5117822-5756-389d-9547-891a372d580f,Donita707 Ward668,F,GENERAL PRACTICE,67 & 100 TER HEUN DRIVE,FALMOUTH,MA,02540,41.57072,-70.556682,1728
0ff915cf-3cc4-35b1-ad5e-bb5745dd0b18,7ce4229c-f2de-3004-8983-02dc9bf2f990,Mike230 Predovic534,M,GENERAL PRACTICE,103 MYRON ST,WEST SPRINGFIELD,MA,01089-1485,42.125451,-72.649734,86
1045937e-4c7c-3dee-81de-c8ed516c31ae,f71ce1a9-cca7-3295-9a1e-c88ac3479b6f,Jc393 Borer986,M,GENERAL PRACTICE,157 UNION STREET,MARLBOROUGH,MA,01752,42.349617,-71.547214,1299
1172b1ae-d54f-33da-85bf-2717cbebf2ef,75bc27b3-2841-3c4f-9069-13bed81bfa6c,Andreas188 Schmidt332,M,GENERAL PRACTICE,181 STATE RD,WHATELY,MA,01093,42.430995,-72.642437,153
11e7c446-d8bd-3d90-b299-2576a99a5c7f,3b5067a8-36ad-367c-b73e-2b6220a5f290,Lance203 Swift555,M,GENERAL PRACTICE,4 TANNERY BROOK ROW,SOMERVILLE,MA,02144-2758,42.390445,-71.101033,30
124073ec-1dbe-3acb-afc0-8e1e1c2f519f,f2c890aa-a295-3c61-b35e-bfef8005ff94,Sumiko254 Graham902,F,GENERAL PRACTICE,89 MORTON ST,ANDOVER,MA,01810-2036,42.648044,-71.161751,37
12b801f8-7b4e-369e-80b9-4205c25aab0f,27379046-608b-32f0-9df7-8c833cf5d11d,Kasi212 Hickle134,F,GENERAL PRACTICE,75 FRANCIS STREET,BOSTON,MA,02115,42.33196,-71.020173,281
13b2f2f4-9e01-3764-a12b-5f0e7833d601,aae540b1-016c-3d53-83c1-c66be3aa906a,Buster609 Hand679,M,GENERAL PRACTICE,1003 S MAIN ST,BELLINGHAM,MA,02019-1826,42.076682,-71.47449,56
13e38b9b-0671-3836-8030-78d8094da72e,8b607111-30ff-3014-bf43-3a9d61993538,Garret233 Parker433,M,GENERAL PRACTICE,57 PUTNAM ST,WINTHROP,MA,02152-2902,42.375541,-70.970646,29
15151305-4b07-3bb2-97d8-3e81bf710448,64a9eaf6-3eef-3149-988c-3436d918d805,Lucio648 Hettinger594,M,GENERAL PRACTICE,54 FAIRFIELD ST,CAMBRIDGE,MA,02140-1911,42.376043,-71.11868,76
1530e81b-106c-32d5-95d5-42a710c92068,fd328395-ab1d-35c6-a2d0-d05a9a79cf11,Wayne846 Mertz280,M,GENERAL PRACTICE,271 CAREW STREET,SPRINGFIELD,MA,01104,42.115454,-72.539978,821
1595224e-648a-3615-aae6-115609722480,161a799c-4894-36f6-8ca7-2a71c8107f79,Quincy153 Heathcote539,M,GENERAL PRACTICE,2033 MAIN STREET,ATHOL,MA,01331,42.593384,-72.230228,191
18cc4159-3360-38cf-8ce2-839fb21bedbd,ca960833-41ab-3cab-b1f0-192cf26727d1,Marisol435 Porras535,F,GENERAL PRACTICE,1030 PRESIDENT AVE,FALL RIVER,MA,02720-5929,41.725351,-71.094162,115
1b2c1c36-9275-3012-b962-27e94dbd5947,44a6ca33-dba9-3aa7-b75b-c7abf74930e9,Courtney281 Kuvalis369,F,GENERAL PRACTICE,1180 BEACON ST,BROOKLINE,MA,02446-3806,42.323853,-71.142003,64
1b75d7a2-3964-340e-b025-c5e2d3506244,7fb56531-86bd-3e4a-8619-4df9942da309,Jeramy610 Littel644,M,GENERAL PRACTICE,148 CHESTNUT STREET,NEEDHAM,MA,02494,42.281593,-71.242414,1162
1cb49157-8d54-3062-a4b9-ace58bd951b9,42a6d2c0-4c41-30de-b401-d24121341258,Kathlyn335 Borer986,F,GENERAL PRACTICE,258 MAIN ST,MILFORD,MA,01757-2506,42.158691999999995,-71.521419,63
1cd507b3-be67-3afe-a0cf-dbbddb080d0f,80e919cc-df1a-3838-b75e-541564a286e5,Bryant814 Murazik203,M,GENERAL PRACTICE,57 PROSPECT STREET,NANTUCKET,MA,02554,41.293416,-70.10216899999999,1636
1d3b6b15-41ca-3d3c-a6f6-c1fb35dce5b6,ba10ae09-f51a-31ed-a6ef-44562023c214,Robert854 Jerde200,M,GENERAL PRACTICE,489 WASHINGTON ST,AUBURN,MA,01501-2568,42.198708,-71.846006,31
1f979c02-125e-37f1-a88e-a470d69a9c51,02da9e41-5656-33e0-be62-aff604c958d3,Lamont867 Lueilwitz711,M,GENERAL PRACTICE,17 HENSHAW ST,BRIGHTON,MA,02135-2905,42.33196,-71.020173,47
1fb2fb3e-e3bd-3d79-b5a9-0b4730852c90,44bef9d3-91c2-3005-93e0-ccf436348ff0,Cheree978 Cassin499,F,GENERAL PRACTICE,243 CHARLES STREET,BOSTON,MA,02114,42.33196,-71.020173,262
218e730c-71a1-3e21-9bcf-2a2a57039166,4accc89c-6cb0-3c68-b985-eeae348786d4,Débora815 Mayorga262,F,GENERAL PRACTICE,540 GALLIVAN BLVD,DORCHESTER,MA,02124-5400,42.33196,-71.020173,83
21cc21a9-2cde-3674-aa7b-578979230673,de3b4863-ef19-3d0c-818a-e0a7764d7011,Wendi133 Farrell962,F,GENERAL PRACTICE,500 W CUMMINGS PARK,WOBURN,MA,01801-6541,42.488769,-71.154438,28
228ba362-7722-3807-97bb-14c70f450653,09548a91-70ff-3bb3-8f61-ee52f80665c2,Kymberly381 Schmeler639,F,GENERAL PRACTICE,10 HOSPITAL DR,HOLYOKE,MA,01040-6643,42.211656,-72.642448,38
23a5c77f-c1ff-3b6e-85d5-94d629b8ad84,88b48efa-fd39-3f7a-a554-3d2c84465f71,Diego848 Flatley871,M,GENERAL PRACTICE,1153 CENTRE ST,JAMAICA PLAIN,MA,02130-3446,42.33196,-71.020173,29
253874bc-8d3a-329d-8d8b-3f258db62074,7dbf8d9d-fc47-39df-9e54-649d6eb4f8d3,Porsche32 Lowe577,F,GENERAL PRACTICE,77 WARREN ST,BRIGHTON,MA,02135-3601,42.33196,-71.020173,56
2588ffdc-554b-3604-8e6d-2ff16518efe0,290f8d1d-fc6b-38bd-90b3-3c15d56dd97a,Blanch844 Bradtke547,F,GENERAL PRACTICE,51 MAIN ST,GLOUCESTER,MA,01930-5791,42.62885,-70.685875,33
258d01e7-d75a-31d5-9d10-529986dd7a75,580414e6-7ed5-36e1-8705-1c9cf627a28e,Victoria535 Villalpando154,F,GENERAL PRACTICE,833 MAIN ST,MELROSE,MA,02176-2715,42.455723,-71.05901899999999,30
259f5953-cd6f-3c3d-a47b-257882dffb4f,700056a6-3aea-3efd-8423-a9acbd38a5ea,Lonna614 Dietrich576,F,GENERAL PRACTICE,106 UNITED STATES HIGHWAY 44,RAYNHAM,MA,2767,41.9051941,-71.0609995,41
270a6552-f535-3e38-8201-e5db11318da4,eb41a4ec-fbbe-336c-9987-cae575551845,Sharonda198 Auer97,F,GENERAL PRACTICE,700 WASHINGTON ST,DEDHAM,MA,02026-4427,42.246871999999996,-71.179462,33
27a427cb-48b9-379e-841d-18e34ce2e38b,176a6fd8-69ff-3a50-88f3-90c7e88ef927,Terrence276 Grimes165,M,GENERAL PRACTICE,199 REEDSDALE RD,MILTON,MA,02186-3926,42.241557,-71.082432,56
2895ba77-853d-329e-8416-9c8c9084590f,e86f1fe7-2322-3732-bebc-938980487e36,Rodney21 McCullough561,M,GENERAL PRACTICE,411 CHANDLER ST,WORCESTER,MA,01602-3339,42.269478,-71.807783,30
29b8dadb-9378-3cb1-845d-fa41807a4f3b,73fa0d4b-31c1-3c12-af7f-39065b59ba5f,Andreas188 Bartoletti50,M,GENERAL PRACTICE,246 PARK ST,WEST SPRINGFIELD,MA,01089-3314,42.125451,-72.649734,86
2b0e30ee-dfd7-3ac1-82ab-9aa2d54a108b,72a10c1a-ee7c-3a01-97b1-33f63244c13e,Tomas436 Sauer652,M,GENERAL PRACTICE,200 Springs Rd.,Bedford,MA,01730,42.503376,-71.272644,189
2b0ee278-5b5e-3430-85ab-a64122442981,d9a6eed0-e314-3000-aba8-83d425f0024f,Ezra452 Crooks415,M,GENERAL PRACTICE,300 CANAL ST,SALEM,MA,01970-4558,42.499248,-70.898204,56
2c058ebc-5051-3784-8fb3-b634aadff281,61375750-0356-3ece-8d48-fe388c5ee18f,Virginia437 MacGyver246,F,GENERAL PRACTICE,100 HIGHLAND ST,MILTON,MA,02186-3881,42.241557,-71.082432,70
2d926d2d-4b1f-31e4-9ea4-f9790f865bdc,9b437641-29ee-37a9-99ed-cb224f28bc09,Rudy520 Anderson154,M,GENERAL PRACTICE,3 FRANKLIN CMNS,FRAMINGHAM,MA,01702-6619,42.307905,-71.436196,28
2f3834aa-be5a-3a4f-a60d-be926aa82110,b3e30964-03f2-3136-8347-255d16f65d93,Gerry91 Rogahn59,M,GENERAL PRACTICE,379 MAIN ST,YARMOUTH PORT,MA,02675-1819,41.706920000000004,-70.221117,28
30579212-744c-36a0-9efe-34398790b4e7,a1ef6330-7fb0-33e8-9622-01506abb1490,Michiko564 O'Connell601,F,GENERAL PRACTICE,64 MACY ST,RAYNHAM,MA,02767-1328,41.930477,-71.046214,44
3180b739-e823-37a0-b307-52a6d67db4a5,6f122869-a856-3d65-8db9-099bf4f5bbb8,Zana914 Considine820,F,GENERAL PRACTICE,41 & 45 MALL ROAD,BURLINGTON,MA,01803,42.503227,-71.201713,2159
32549af3-da1c-3fd3-ab66-625738f56d21,c44f361c-2efb-3050-8f97-0354a12e2920,Gertrudis163 Schaden604,F,GENERAL PRACTICE,680 CENTER STREET,BROCKTON,MA,02302,42.082543,-71.024638,1314
326937ff-4a1a-3771-91cc-97a5dc9f34d0,ecc51621-0af3-3b35-ac3e-8b1e34022e92,Colby655 Schowalter414,F,GENERAL PRACTICE,795 MIDDLE STREET,FALL RIVER,MA,02721,41.725351,-71.094162,2225
3391b965-7e14-3685-abc6-d23cd15e8105,f81f4711-b663-35ab-bd7f-40d0aa8f8e26,Sudie246 Hackett68,F,GENERAL PRACTICE,103 MILLBURY ST,AUBURN,MA,01501-3205,42.198708,-71.846006,8
341e9a0c-e102-3e0c-b5df-3370a2ad2c61,a0a14713-50c4-3818-b0cb-8c2047f1458c,Tobias236 Bechtelar572,M,GENERAL PRACTICE,7 HERRING POND RD,CEDARVILLE,MA,02360-6903,41.888191,-70.59996600000002,103
3421aa75-dec7-378d-a9e0-0bc764e4cb0d,ef58ea08-d883-3957-8300-150554edc8fb,Tomas436 Sauer652,M,GENERAL PRACTICE,60 HOSPITAL ROAD,LEOMINSTER,MA,01453,42.520838,-71.770876,1557
35b68d18-e67e-37f7-aa49-fcc046f1a289,00717240-296a-35b2-a336-8e3d9f085fce,Forrest301 Strosin214,M,GENERAL PRACTICE,1180 BEACON ST,BROOKLINE,MA,02446-3806,42.323853,-71.142003,51
372ec77e-9311-35dc-9d20-d9f09075e6f2,26f1b65c-0efb-36a4-a07d-50e0346f30a4,Ezequiel972 Hoeger474,M,GENERAL PRACTICE,17 WALTHAM RD,WAYLAND,MA,01778-1128,42.360427,-71.361099,42
373e9e25-bfff-3fa9-91f6-f6e7ead0640a,d0b017aa-7bb3-3681-b0e4-f6031796f837,Eleonore965 Conn188,F,GENERAL PRACTICE,1400 STATE ST,SPRINGFIELD,MA,01109-2550,42.115454,-72.539978,41
375a5d95-0bee-350d-9081-772700f73e12,4bac2e3e-0bdd-3916-b5a8-f175fa5c80d1,Chase54 O'Reilly797,M,GENERAL PRACTICE,288 BEDFORD ST,WHITMAN,MA,02382-1820,42.078974,-70.93939,93
391075c3-8b90-3ca0-b7db-b739f33267b0,bcb26f1b-a37d-37dd-8819-c5dd6b6d9f74,Maryetta775 Cormier289,F,GENERAL PRACTICE,22 PLEASANT ST,WEST BRIDGEWATER,MA,02379-1506,42.021617,-71.026717,43
3976b189-db37-3057-a3e9-f59132a4ec26,0471e045-73e1-3540-a5e8-dbef0d4093b6,Sandee884 Kohler843,F,GENERAL PRACTICE,113 /2 MAIN ST,OXFORD,MA,01540-2832,42.12826,-71.8671,45
39c64423-d788-346a-a7db-33f7834084f5,5bba1a73-d276-3664-81ca-d6057b5b19e5,Hui924 Emard19,F,GENERAL PRACTICE,250 GREEN ST,GARDNER,MA,01440-1377,42.584206,-71.988737,33
3a65bdb3-12b2-3247-8e8a-0e34d295c736,5259a506-b80b-3ed5-9c30-83188eabf33e,Von197 Mraz590,M,GENERAL PRACTICE,881 Main Street,Fitchburg,MA,01420,42.586487,-71.80521,590
3b172b7b-6625-359e-8bbd-9d6bb9384ede,a0b6ec0c-e587-3b2a-bf9f-248849f29ee5,Benton624 Becker968,M,GENERAL PRACTICE,736 CAMBRIDGE STREET,BRIGHTON,MA,02135,42.33196,-71.020173,184
3b31d425-c6bc-37c0-89a9-0f4dee70a7db,7fb56fd2-71ad-336a-9204-57765bd1e5d4,Jeffry142 Mohr916,M,GENERAL PRACTICE,425 N RD,HAMPDEN,MA,01036-9535,42.071188,-72.41771800000001,41
3c754cc8-87f4-36ba-88d7-862cafce0f4e,e5722d6d-2861-37d9-ba68-a25d187e587e,Margert370 Cartwright189,F,GENERAL PRACTICE,450 WASHINGTON ST,DEDHAM,MA,02026-4455,42.246871999999996,-71.179462,52
3cedace3-4af9-3262-b9d0-9ced1d4f4d62,2468bb56-3ceb-37c9-8140-14cbe3d36948,Haywood675 McCullough561,M,GENERAL PRACTICE,349 BROADWAY,SOMERVILLE,MA,02145-2407,42.390445,-71.101033,121
3d7e5bab-fea0-399d-9c09-4631456925a6,e7be2bea-4a1b-3bac-9874-3b149652461a,Tyra356 Runte676,F,GENERAL PRACTICE,3 OAKDALE LN,LINCOLN,MA,01773-1710,42.425506,-71.310812,86
3ee9b25b-e0b5-32da-9bf7-d3f34190dd9f,8f8511a3-705e-341a-b7b8-b536f9fb376f,Timoteo39 Garibay313,M,GENERAL PRACTICE,955 MAIN ST,WINCHESTER,MA,01890-4303,42.452752000000004,-71.144319,40
3f15c687-0cfe-3bf2-9e62-34f3c85ff3cb,4f3a530e-a2f7-3de0-9a09-c0a70a9ab894,Jesús825 Quiroz936,M,GENERAL PRACTICE,725 NORTH STREET,PITTSFIELD,MA,01201,42.452045,-73.26054,1643
3ff2059b-0d20-3854-97ac-e8aa66c6440e,28312252-e57e-34cb-8e45-6ce36187d68c,Edward499 Ebert178,M,GENERAL PRACTICE,537 FAUNCE CORNER RD,NORTH DARTMOUTH,MA,02747-1242,41.646686,-70.999158,38
40371261-c4fb-3fba-b3d1-60f47aa0e68f,d672f853-e2a5-324e-98fa-c6d5f8dfc255,Vern731 Powlowski563,M,GENERAL PRACTICE,9 HOPE AVENUE,WALTHAM,MA,2453,42.3700513,-71.2490152,81
406824a5-a1ce-34a6-8b28-90225acc767e,03347b4d-994e-302b-848b-58019a4e274d,Clint766 Goldner995,M,GENERAL PRACTICE,133 OLD ROAD TO 9 ACRE CORNER,W CONCORD,MA,01742,42.269478,-71.807783,347
408ea2a1-2cad-33d7-ae1c-952e3bed4d8e,7ffe74ac-786d-3c6d-bcb9-323352f6149c,Cheree978 Cassin499,F,GENERAL PRACTICE,140 CARANDO DRIVE,SPRINGFIELD,MA,1104,42.1463818,-72.5335973,47
40d7ff6c-5040-39aa-a876-19f1ccc6740c,3bd5eda0-16da-3ba5-8500-4dfd6ae118b8,Luke971 Rath779,M,GENERAL PRACTICE,800 WASHINGTON STREET,NORWOOD,MA,02062,42.18736,-71.195955,3083
416632e1-74f2-3d74-8417-2003551160ca,7c29cf46-3da7-39b3-906c-44efe4ba3c97,Ellis535 Graham902,M,GENERAL PRACTICE,426 S ST,PITTSFIELD,MA,01201-8228,42.451840000000004,-73.260685,61
4185c383-897e-34e7-9f9b-04c31dd7e615,9a7149fa-49fc-3c87-b935-d29c55808717,Jamie386 Eichmann909,M,GENERAL PRACTICE,125 PARKER HILL AVENUE,BOSTON,MA,02120,42.33196,-71.020173,258
4203a2de-7986-3b15-8e7b-1a7d4f599e13,d11326fd-9ee8-321f-a9d6-382f526d2b94,Dennis979 Von197,M,GENERAL PRACTICE,97 GREEN ST,FOXBOROUGH,MA,02035-2865,42.061338,-71.245802,65
4284bc80-515a-380f-a870-f48f3714ec4e,95ada8d8-9f38-3030-9e12-61acb7632fa5,Lon587 Moore224,M,GENERAL PRACTICE,1074 MAIN ST,WEST BARNSTABLE,MA,02668-1142,41.662727,-70.357208,58
4316189e-66ed-342f-a6fc-0de1b8fd5618,46084d3f-e6a2-37bc-b830-9b15674f7cae,Erwin847 Ondricka197,M,GENERAL PRACTICE,117 MAIN ST,SPENCER,MA,01562-2125,42.247211,-71.991867,29
43217089-f2eb-3b01-b03a-80ae01b35cd4,f61f14cb-8061-3fa0-ab90-221cb033eaa0,Roberto515 Sarabia507,M,GENERAL PRACTICE,5 POND RD,HARVARD,MA,01451-1649,42.504256,-71.588513,35
44591594-553b-3826-8390-77bb64fc3353,8383a576-10a5-37f6-9707-3c88bf1c9b9a,Lana840 McClure239,F,GENERAL PRACTICE,35 BEDFORD ST,LEXINGTON,MA,02420-4320,42.445221999999994,-71.23001500000001,37
446d1609-858f-3a54-8a52-0c4eacedd00e,f1fbcbfb-fcfa-3bd2-b7f4-df20f1b3c3a4,Patricia625 Salgado989,F,GENERAL PRACTICE,ONE GENERAL STREET,LAWRENCE,MA,01842,42.700273,-71.161357,1327
453c7bcd-d45c-3b5e-b9f7-7cb3bddbe6ed,e6065c61-7e21-3acf-8929-2955eee78596,Gearldine455 Berge125,F,GENERAL PRACTICE,116 BELMONT ST,WORCESTER,MA,01605-2964,42.269478,-71.807783,30
454c5900-606c-3574-b1c7-d2834e8709f8,65a74939-6441-32c0-bd3e-00b951c968e1,Fernando603 Sierra982,M,GENERAL PRACTICE,584 HIGH ST,DEDHAM,MA,02026-1807,42.246871999999996,-71.179462,39
45746081-5da4-39ca-b63a-fee26c220b24,e8a1f232-f360-30d6-806a-8901d99c0787,Ingrid581 VonRueden376,F,GENERAL PRACTICE,1 R NEWBURY ST,PEABODY,MA,01960-3816,42.534279,-70.969782,62
46752852-91d5-3f4a-a50a-a017a7785cfd,05466cb7-f3c0-3bcd-8f9e-421e6547cb51,Alena861 Daniel959,F,GENERAL PRACTICE,215 SUMMER ST,HAVERHILL,MA,01830-0632,42.782945,-71.087436,60
473722af-73f7-3054-9862-2c31e20f7e6c,0e7998eb-cf99-3b10-9381-4b3f4bf4d320,Fern75 Collins926,F,GENERAL PRACTICE,275 NICHOLS RD,FITCHBURG,MA,01420-1919,42.601977000000005,-71.81586999999999,60
47cb5349-d261-324a-9109-c888f4a0e966,60457c13-adb2-3415-82c5-86ab5dab5f93,Mohammed454 Parisian75,M,GENERAL PRACTICE,759 CHESTNUT STREET,SPRINGFIELD,MA,01199,42.115454,-72.539978,517
47dd16aa-b1c4-3fff-a304-d1540916320e,a871f568-0425-3a90-aaff-67f2235b788d,Nellie325 Sipes176,F,GENERAL PRACTICE,186 SUMMER ST,KINGSTON,MA,02364-1282,41.987196000000004,-70.74194200000001,48
4a55c232-1fff-3678-ba4e-9f20189ea88a,06eff9e0-c5b4-39ed-8273-2f29cf5d3185,Ines699 Weber641,F,GENERAL PRACTICE,464 GRANITE AVE,MILTON,MA,02186-5625,42.241557,-71.082432,85
4a8faa92-ef7c-377f-a438-8036a79d6de3,04c1cc59-11e3-30e5-b317-0bf5e765f3e8,Carolee951 Herman763,F,GENERAL PRACTICE,130 COUNTY RD,IPSWICH,MA,01938-2585,42.695981,-70.83564799999999,28
4a946874-1d8d-3b14-972f-de979df22688,3c8b233a-6c05-3357-b6e0-97306efcf971,Keeley419 Quigley282,F,GENERAL PRACTICE,54 MAPLE AVE B,RUTLAND,MA,01543-1527,42.388284999999996,-71.969865,97
4b04cd2f-3f27-35bc-8069-f4ca6339529f,3d10019f-c88e-3de5-9916-6107b9c0263d,Maile198 Frami345,F,GENERAL PRACTICE,2014 WASHINGTON STREET,NEWTON,MA,02462,42.331876,-71.208402,2658
4bdeca28-26d8-370e-85af-621152583af3,d224247d-6fc0-395e-9bd2-b4c325d55b5d,Monte325 Kris249,M,GENERAL PRACTICE,162 GREAT RD,ACTON,MA,01720-5760,42.483953,-71.43849499999999,53
4c992ce4-ee94-33a1-b479-183b11183c89,d588c607-ff8f-35a8-ae27-c5852ea362c6,Gordon377 Goodwin327,M,GENERAL PRACTICE,200 N MAIN ST,EAST LONGMEADOW,MA,01028-2354,42.062378,-72.498111,84
4cfc6426-912a-305e-8bcd-ce014cfd4993,fb278911-40bf-3697-962d-08f729b2e7b8,Tyler508 Lynch190,M,GENERAL PRACTICE,2000 WASHINGTON ST,NEWTON,MA,02462-1602,42.331876,-71.208402,53
4d0bb3a1-8259-3749-a330-e9c17879d81a,f4e7709c-02f6-37ca-aeea-8247d74e88e7,Vertie683 Towne435,F,GENERAL PRACTICE,41 HIGHLAND AVENUE,WINCHESTER,MA,01890,42.452752,-71.144319,1194
4e45885d-d480-3ab8-a4e7-ab99533a6336,1ff2e3aa-8234-3a06-a1f7-c622d7b2c1d8,Lasonya941 Effertz744,F,GENERAL PRACTICE,60 MESSENGER ST,PLAINVILLE,MA,02762-2258,42.012797,-71.336578,30
526848d0-1d53-33d9-9e9d-cd1afca52aa7,5f0a1caa-7e67-3777-babb-c06f9cb1b118,Drusilla108 Bauch723,F,GENERAL PRACTICE,813 SOUTHBRIDGE ST,AUBURN,MA,01501-1323,42.198708,-71.846006,36
54b06aec-62f4-347c-bd09-165cbba80360,3265f387-6c51-32ee-8f6d-b2a89caa34d5,Leonor133 Nájera755,F,GENERAL PRACTICE,151 EVERETT AVENUE,CHELSEA,MA,2150,42.3961274,-71.0392206,61
56c64467-dd8a-36ca-91c5-4c729475aa21,8ad64ecf-c817-3753-bee7-006a8e662e06,Brittani427 Satterfield305,F,GENERAL PRACTICE,88 WASHINGTON STREET,TAUNTON,MA,02780,41.903323,-71.094984,1682
5718012f-98aa-3971-ad2e-bd42da8625ea,90cf148c-69ed-3d33-aa86-b509c6b0b25f,Edie35 Howell947,F,GENERAL PRACTICE,170 GOVERNORS AVENUE,MEDFORD,MA,2155,42.4259086,-71.1113649,474
58b66cc1-2b86-377f-ad77-ad8164388e50,b0e04623-b02c-3f8b-92ea-943fc4db60da,Veda284 Pfeffer420,F,GENERAL PRACTICE,295 VARNUM AVENUE,LOWELL,MA,01854,42.638893,-71.32210699999997,1811
593d53bf-93cb-3d06-9fad-3122f29dbc9d,ee394632-cdfa-3709-ac47-eba10a419652,Nenita289 Dare640,F,GENERAL PRACTICE,1236 MAIN ST,HOLYOKE,MA,01040-2955,42.211656,-72.642448,63
5940325a-1aa4-304d-a290-3beb502a571a,16d99802-1091-3c8e-aa5c-11bba4042e65,Alex454 Connelly992,F,GENERAL PRACTICE,56 NEW DRIFTWAY,SCITUATE,MA,02066-4533,42.205062,-70.74297800000001,58
59a571a5-6e9d-3aef-9791-ade8fddad476,3fbe3da9-8e41-3118-a253-7e2d1b46480f,Hassan290 Rath779,M,GENERAL PRACTICE,1041L Pearl St.,Brockton,MA,02301,42.055134,-71.06661,196
5a6d9b4e-cc30-3bf6-90df-e7588f8048f6,d78e84ec-30aa-3bba-a33a-f29a3a454662,Crista774 Keebler762,F,GENERAL PRACTICE,55 FRUIT STREET,BOSTON,MA,02114,42.33196,-71.020173,455
5b353f9e-8066-3964-bb08-2b62f0c023ff,938dc1e4-347e-3b82-aef0-be7475ce9658,Royce974 Smith67,M,GENERAL PRACTICE,700 ATTUCKS LN,HYANNIS,MA,02601-1813,41.647227,-70.249978,36
5bee674e-0d19-3b32-a207-7bd7d46e6da2,cc648e4d-ae3a-3933-930e-f1f34189eb97,Concepción765 Orta736,F,GENERAL PRACTICE,361 WASHINGTON ST,WESTWOOD,MA,02090-1801,42.219645,-71.216768,100
5bf929a6-ea58-3e94-a4cf-22cc1e168d6d,db0acede-4abe-3c01-8d03-5c68a190d8c7,Edie35 Howell947,F,GENERAL PRACTICE,55 FOGG ROAD,SOUTH WEYMOUTH,MA,02190,42.24158900000001,-71.082651,1400
5c28fd64-d526-3e5b-8565-fd3aaef6972f,4a1c5788-d5c9-3306-a691-d5ab7725c49d,Lesa839 Bednar518,F,GENERAL PRACTICE,1333 MAIN ST,WALPOLE,MA,02081-1756,42.146285999999996,-71.255604,114
5e637d16-c5dc-3fbc-9187-650c538c8a0f,1d9793e4-b135-33d8-b90e-521cedb608cc,Daisey627 Aufderhar910,F,GENERAL PRACTICE,611 LEOMINSTER RD,LUNENBURG,MA,01462-2013,42.582607,-71.720464,75
60236267-c839-39e1-a6a8-a84461daa7c2,9b1f70d0-e48a-3bb5-8900-6580a13d5596,Vicki422 Deckow585,F,GENERAL PRACTICE,3130 STATE HWY RTE 6,WELLFLEET,MA,02667-7402,41.916805,-70.0271,62
60f8ab2a-3f88-38c0-97f5-fdd71ccd04ba,7a146a36-8ec0-3452-b486-0b6894af0458,Elton404 VonRueden376,M,GENERAL PRACTICE,10 S MAIN ST,BELCHERTOWN,MA,01007-9401,42.27901,-72.400468,56
6274a7fa-b270-3d24-aaf6-c19251de4524,226098a2-6a40-3588-b5bb-db56c3a30a04,Leola603 Tremblay80,F,GENERAL PRACTICE,235 NORTH PEARL STREET,BROCKTON,MA,02301,42.082543,-71.024638,1100
6496ebfe-9772-33c8-9f15-a826c6c84f4b,fcf80e67-03a6-36a9-af90-204285386103,Refugio197 Predovic534,F,GENERAL PRACTICE,8 PICKETT ST,MARBLEHEAD,MA,01945-3566,42.495629,-70.83582,46
64da2d28-6e3d-3b32-b077-04c033bd2ff9,74e00d14-2bbf-3cf3-ae7a-71077abf5f3c,Judith460 Johns824,F,GENERAL PRACTICE,175 ELM ST,SALISBURY,MA,01952-1828,42.844794,-70.841499,72
6704ebca-0f8a-3718-b4cf-9fe0511c8b60,d71ace90-0787-39a4-a884-6b23118a7f11,Leonarda398 Hermiston71,F,GENERAL PRACTICE,18 MOORE ST,BELMONT,MA,02478-2525,42.395317,-71.180284,28
680f4af2-775d-34c4-b213-28791e0813e3,49318f80-bd8b-3fc7-a096-ac43088b0c12,Guadalupe206 Valenzuela371,F,GENERAL PRACTICE,30 LOCUST STREET,NORTHAMPTON,MA,01060,42.327044,-72.67463000000002,1641
68aa1836-8435-393e-849e-7fec24d58199,1c9f06a8-38bb-3d07-99b2-176d626bc4c2,Domenic627 Lehner980,M,GENERAL PRACTICE,111 WASHINGTON ST,PLAINVILLE,MA,02762-2155,42.012797,-71.336578,109
6a0dc3c9-1e08-3fa5-989e-b5c95d3bc5aa,f56121fb-8f1c-3088-b974-b5bb50ea313d,Fredricka415 Welch179,F,GENERAL PRACTICE,8 RIVER DR,HADLEY,MA,01035-3540,42.356491,-72.568632,45
6a20c91e-1573-36f5-b687-bd01fd36ffae,bb631f07-f921-3465-b3ad-521ac8cab13b,Buford910 Bergstrom287,M,GENERAL PRACTICE,1180 BEACON ST,BROOKLINE,MA,02446-3872,42.323853,-71.142003,30
6c304ca9-600c-3075-95ff-f7efce0b89e4,060f5b13-56d0-3500-bbb5-008bcb8fe70a,Edwina60 Christiansen251,F,GENERAL PRACTICE,43 COLUMBIA ST,BROOKLINE,MA,02446-2407,42.323853,-71.142003,66
6c52fd14-a3b9-350f-b773-26ba530cc7fa,6be05ccf-ef94-341f-a2a3-1cf9bfde1b18,Wynell591 Wisozk929,F,GENERAL PRACTICE,107 LINCOLN STREET,WORCESTER,MA,01605,42.269478,-71.807783,279
6c648f65-0f60-3511-ac22-3db8d62661f8,108ccece-277a-396f-8bf2-1527f74458eb,Clint766 Goldner995,M,GENERAL PRACTICE,51 LOCUST STREET,NORTHAMPTON,MA,1060,42.3323152,-72.6545646,41
6d1db115-ac5b-3a15-84d4-10ddea991f38,d97185b2-da0a-31aa-b017-22305331d699,Tashia814 Bernhard322,F,GENERAL PRACTICE,87 JACKSON ST,METHUEN,MA,01844-5044,42.742751,-71.178588,31
6de26327-adfc-3697-934f-7e114f648e45,395a9f52-1f2d-35cd-8cfe-35e2771f8921,Fletcher87 Blanda868,M,GENERAL PRACTICE,567 CENTRAL ST,BOYLSTON,MA,01505-1523,42.355049,-71.716157,128
6e0a5f1f-d55e-3db6-ba7e-e152ea2e68ab,5db9c918-9e4d-38bb-a94c-2c031fcb6fb0,Raguel228 Smitham825,F,GENERAL PRACTICE,132 S MAIN ST,ACUSHNET,MA,02743-2772,41.718216999999996,-70.901151,39
6f46ece3-150e-387b-804c-8a3127c34845,33145183-be4b-3f49-809e-05a81cce7ecd,Tiera511 Kerluke267,F,GENERAL PRACTICE,52 CENTRAL ST,GARDNER,MA,01440-1662,42.584206,-71.988737,96
6fd4de73-aef4-388f-8fd7-19441e12537a,479d8764-9f18-300e-8695-57c43e37cf4a,Inge747 Heidenreich818,F,GENERAL PRACTICE,1170 MAIN ST,W BARNSTABLE,MA,02668-1142,41.662727,-70.357208,92
6ff59944-564d-308b-9021-ab942a4927fa,d6c83c6a-f78f-3e23-a2f4-444f9519d576,Yesenia104 Cormier289,F,GENERAL PRACTICE,841 WASHINGTON ST,HOLLISTON,MA,01746-1690,42.195951,-71.45343000000001,46
71d6b670-86de-333d-bfca-98102b8a2f64,f576aee3-a640-3b72-85de-0294c44bf0e4,Shane235 Beahan375,M,GENERAL PRACTICE,1732 MAIN ST,CONCORD,MA,01742-3837,42.462911,-71.364496,29
73797fe7-e244-33ad-aada-9344d6d1003e,7116c200-6663-3503-8314-1ee16845e5d3,Garth972 Wyman904,M,GENERAL PRACTICE,85 PARKHURST ROAD,CHELMSFORD,MA,1824,42.6257767,-71.3593401,31
73cb8ce8-3ed3-35df-ac53-9f92bbfe1d5c,364cf084-5db8-36da-9d70-34ff6d4218ec,Tarra676 Wolf938,F,GENERAL PRACTICE,85 BARTLETT HILL RD,CONCORD,MA,01742-1801,42.462911,-71.364496,37
74405e32-e37b-3c4f-acd5-c28a1f1b151c,24bcfc89-997e-3a62-a6c3-83ed31af8901,Jeannine438 Goldner995,F,GENERAL PRACTICE,22 MCGRATH HWY 4,SOMERVILLE,MA,02143-4508,42.390445,-71.101033,47
74dd514b-8534-3497-a3af-1b7a45395269,956ccb85-bea0-30f9-af48-52f5dd95ff72,Kyle55 Tremblay80,M,GENERAL PRACTICE,30 WARREN STREET,BRIGHTON,MA,02135,42.33196,-71.020173,413
7572448e-118a-3102-84ac-a5e4281a5c2d,b81688f5-bd0e-3c99-963f-860d3e90ab5d,Malinda718 Cassin499,F,GENERAL PRACTICE,581 BOYLSTON STREET,BOSTON,MA,2116,42.3505548,-71.0766054,660
75895e9f-c056-3c5d-b845-a68d2a497f7b,a95684bd-b222-3e5e-8d18-805e5ae45705,Adela471 Delvalle807,F,GENERAL PRACTICE,86 ASHLEY AVE,WEST SPRINGFIELD,MA,01089-1302,42.125451,-72.649734,101
77a7881d-6dd5-32e1-9e18-521a59749572,ef6ab57c-ed94-3dbe-9861-812d515918b3,Phillip440 McCullough561,M,GENERAL PRACTICE,88 LEWIS BAY ROAD,HYANNIS,MA,02601,41.748854,-70.74053599999998,1800
78cdb895-8cf7-3751-a75e-058a9e584b46,0d1563c1-d56c-362e-9e3d-d74463ebbe0f,Guadalupe206 Valenzuela371,F,GENERAL PRACTICE,629 PLEASANT STREET,BROCKTON,MA,2301,42.0892313,-71.04551,118
78fb459e-1c37-3df6-ba9b-4c175e3061bc,3fa14d94-f5fe-31e2-8d63-df026c7b6a45,Kenyetta225 Pagac496,F,GENERAL PRACTICE,480 WASHINGTON ST,BRIGHTON,MA,02135-2655,42.33196,-71.020173,112
793c18cd-8269-387d-b998-c135459e4248,d311e70d-86e7-3c03-b115-53892bcf7ef1,Gertrudis163 Schaden604,F,GENERAL PRACTICE,605 Lincoln Street,Worcester,MA,01605,42.297756,-71.766815,2650
798c4252-900f-3e21-8544-063a293a97d6,37b4d73f-652d-3033-a16e-d97b9e8b4cda,Leonor133 Nájera755,F,GENERAL PRACTICE,25 HIGHLAND AVENUE,NEWBURYPORT,MA,01950,42.812141,-70.886646,868
7aefcb97-5eec-3b27-a035-0d9d372c97a4,09f69020-aa1e-3bd8-b1f1-9b4534273281,Shelton25 Lebsack687,M,GENERAL PRACTICE,515 PROVIDENCE HWY,DEDHAM,MA,02026-6817,42.246871999999996,-71.179462,52
7bd4e666-a82d-3ad1-bc7c-b49eb726577b,24cb4eab-6166-3530-bddc-a5a8a14a4fc1,Lonna614 Dietrich576,F,GENERAL PRACTICE,14 PROSPECT STREET,MILFORD,MA,01757,42.158692,-71.521419,2665
7bdce100-e227-3d11-9932-5676097b8a86,3785a91b-ef8c-3628-b673-5f9808b05616,Antwan357 Stamm704,M,GENERAL PRACTICE,33 BARTLETT ST,LOWELL,MA,01852-1318,42.63898,-71.321141,69
7ed6b84a-b847-3744-9d42-15c42297a0c2,b03dba4f-892f-365c-bfd1-bfcfa7a98d5d,Dwayne786 Reilly981,M,GENERAL PRACTICE,262 NEW LUDLOW RD,CHICOPEE,MA,01020-4488,42.175668,-72.572257,59
7f07b58b-6519-3db3-85b4-2af13a8ca970,91889eee-22a8-3d9a-8e1d-3e55784a21f0,Noel608 Doyle959,M,GENERAL PRACTICE,6 COURTHOUSE LN,CHELMSFORD,MA,01824-1725,42.597055,-71.3697,41
7f7425a7-6e98-3b0c-85d1-b06dccc039ee,3ed98587-8c4c-33b4-9cbe-ec7fc451d2b6,Cassy835 Koss676,F,GENERAL PRACTICE,242 JOHN WISE AVE,ESSEX,MA,01929-1027,42.64042,-70.77117199999999,40
805dc790-37f4-3c03-bf05-9bf1653c66fb,e0739d64-3589-3bbe-b8ea-808280085318,Norma469 Mondragón635,F,GENERAL PRACTICE,290 MAIN ST,COTUIT,MA,02635-3122,41.662727,-70.357208,72
80b50d85-78bd-36cb-a5ca-26584d73b21d,fb28cf4c-955b-32c7-906e-4b9ad6f5678a,Mariela993 Legros616,F,GENERAL PRACTICE,169 N FRANKLIN ST,HOLBROOK,MA,02343-1111,42.140346,-70.997861,49
80d3b2d2-187d-31be-b8db-c3dc64017c9b,86f868e9-3325-3019-98d9-34ca2dc11f20,Clemente531 Armendáriz135,M,GENERAL PRACTICE,151 ASHLAND ST,N ADAMS,MA,01247-4522,42.675549,-73.11810799999998,140
81c735b0-cbfb-39f7-8115-fdfd50d4069e,f764c747-7147-3337-b677-a6042ab63268,Ramiro608 Lehner980,M,GENERAL PRACTICE,817 MERRIMACK ST,LOWELL,MA,01854-3548,42.63898,-71.321141,50
8266ab2f-6071-3bb0-9e99-e45637d1920a,5445cc47-4b0f-37a6-9223-418b20a0693f,Rafaela464 Russel238,F,GENERAL PRACTICE,16 WINTER ST,SOUTHBOROUGH,MA,01745-1029,42.299625,-71.52842700000001,69
84bc4aba-da0c-36e1-a1fe-31c4b0383943,5342f6b7-4ddb-3ca5-a12d-e4f4516a74af,Star250 Bechtelar572,F,GENERAL PRACTICE,1029 PLEASANT ST,BRIDGEWATER,MA,02324-2301,41.972376000000004,-70.978773,44
84bd2f95-f031-3417-9ff2-6b1bacc6faf3,e3589374-6bee-3d87-9da7-41d467537ccc,Cortez851 Little434,M,GENERAL PRACTICE,170 GOVERNORS AVE,MEDFORD,MA,02155-1643,42.423844,-71.10923100000001,148
85091bb4-3e9d-37bf-9329-5e6245ee9ce9,a1bedf73-1a07-3f12-b93d-1c0aff4fdb8e,Myron933 Lynch190,M,GENERAL PRACTICE,72 WASHINGTON ST,TAUNTON,MA,02780-2491,41.903324,-71.094987,78
87719ef9-5a35-3e30-8d26-cc2197becd8d,f93e59e2-c0e4-3118-a1c2-3234c6dde120,Ana María762 Moya426,F,GENERAL PRACTICE,604 FOUNDRY ST,EASTON,MA,02334,42.040515,-71.109329,60
87c0d3be-33c2-3039-aa7b-605426219914,934f4ea8-157d-3c1e-806b-7f8a9ec92a84,Erasmo545 Beer512,M,GENERAL PRACTICE,470 GRANBY RD,SOUTH HADLEY,MA,01075-3218,42.256208,-72.58103,77
887a9577-7443-3eac-9ead-103c1088e916,52a30b57-1660-3c8c-9f4d-5a38305ee506,Chauncey770 Durgan499,M,GENERAL PRACTICE,830 COUNTY RD,POCASSET,MA,02559-2198,41.688804,-70.639267,43
8903825d-14af-3313-9d4c-53d133fa3de4,822a6b9f-da15-3cc4-8436-ab61474f19fd,Deandre599 Langosh790,M,GENERAL PRACTICE,55 HOSPITAL DR,WINCHENDON,MA,01475-1820,42.66816,-72.055644,135
8cddbb1b-7e2c-3bf0-957e-bc62c160cfc5,d733d4a9-080d-3593-b910-2366e652b7ea,Rivka589 Sanford861,F,GENERAL PRACTICE,1153 CENTRE STREET,BOSTON,MA,02130,42.33196,-71.020173,270
8d0c1895-f59c-388a-bc6f-757dbf201ae6,37c0de84-bcaf-3624-82bf-a89b2ac441b8,Mari763 Reynolds644,F,GENERAL PRACTICE,85 HERRICK STREET,BEVERLY,MA,01915,42.556659,-70.84496,1222
8d2f7058-eb9d-3483-8846-1e6d21c2a09a,45fbe90d-10f7-39f4-9f84-2100c302faf9,Jake169 Hansen121,M,GENERAL PRACTICE,500 SALEM ST,WILMINGTON,MA,01887-1200,42.564646999999994,-71.164516,59
8d9578b4-d22e-38fd-9091-03e194733aa3,2d3b6c1d-29f1-382e-9982-d4e5d9fc8c35,Jeffry142 Reichel38,M,GENERAL PRACTICE,200 GOVERNORS AVE,MEDFORD,MA,02155-1644,42.423844,-71.10923100000001,27
8d9b3ea3-c763-3821-a48c-85fe970431e5,a369fdd9-db24-3a43-9c8b-9b1679b55fc5,Claudia969 Kreiger457,F,GENERAL PRACTICE,601 NEWTON ST,SOUTH HADLEY,MA,01075-2066,42.256208,-72.58103,45
8daf994f-712d-3f7f-816a-71cb6766510e,7834877b-2072-3d79-9137-d5ee86c7503f,Susannah249 Conroy74,F,GENERAL PRACTICE,50 MEMORIAL DR,LEOMINSTER,MA,01453-2238,42.520876,-71.770611,63
8f9aea5b-fd01-37c0-8931-18b6d64bdae6,be4c63f3-8d38-3fa9-a183-62045b5c85f6,Gaynell126 Streich926,F,GENERAL PRACTICE,150 South Huntington Avenue,Jamaica Plain,MA,02130,42.32809,-71.11076,4828
901c459b-b150-35dd-aeb8-344f2189dcf5,61b5df88-742c-3ed7-aa4e-c681665bf99a,Belle514 Vandervort697,F,GENERAL PRACTICE,630 BOSTON RD,BILLERICA,MA,01821-3783,42.559673,-71.260947,51
90c03bdd-3f8b-3a42-a489-bf5e802bbcb1,819a27bd-81d7-3aec-b990-e79062cd0fd0,Jason347 Streich926,F,GENERAL PRACTICE,161 WASHINGTON ST,WALPOLE,MA,02032-1196,42.146285999999996,-71.255604,48
93330079-96b3-3b50-8097-f235a8ae30b4,53b25c4b-e95f-3dd1-8e69-d427cdd83631,Terry864 Wiegand701,M,GENERAL PRACTICE,61 Lincoln Street  Suite 112,Framingham,MA,01702,42.28348,-71.41845,636
93b43d27-1678-3930-b8fb-7fbfb5bbb1f7,cca33ef5-6b78-3960-9c74-43f6ba7b89ae,Hue920 Grant908,F,GENERAL PRACTICE,100 S ST,SOUTHBRIDGE,MA,01550-4051,42.059669,-72.03404,58
93f77048-5bfd-3a59-9ae4-4399fbd77398,4e916854-3a59-3f17-bb16-7c406148d822,Tiana543 Blick895,F,GENERAL PRACTICE,1399 WASHINGTON STREET,HANOVER,MA,2339,42.144202,-70.844005,297
94242364-4b10-3e7b-895a-a2913a38c31c,9b5f23f1-c387-3a77-9359-752d26d7f997,Jeramy610 Littel644,M,GENERAL PRACTICE,250 PARADISE ROAD,SWAMPSCOTT,MA,1907,42.47636,-70.9125322,42
945a2057-e371-3d64-b880-aaef81675389,ccfa9a1e-d003-3997-acd1-6f4b1c79b83c,Glory745 Ward668,F,GENERAL PRACTICE,43 LINCOLN ST,FRAMINGHAM,MA,01702-8205,42.307905,-71.436196,32
94677b61-68f5-3bed-9c7e-ef81e95ed4ff,09aafb68-8363-327f-b033-a690de7a2930,Ignacio928 Schmidt332,M,GENERAL PRACTICE,2033 MAIN ST,ATHOL,MA,01331-3535,42.575924,-72.229618,42
94be7036-0aae-311f-b271-657c07aef710,8e7be35d-c07f-300c-bd19-ffd1933e3e8f,Leonardo412 Brakus656,M,GENERAL PRACTICE,100 VALLEY PKWY,WHITINSVILLE,MA,01588-1743,42.119228,-71.67182199999999,60
94e96cd6-ab2b-3791-a43c-c199868245a8,1ca2afca-6817-3a22-81d7-70b3b1366183,Ned189 Waelchi213,M,GENERAL PRACTICE,65 NEPONSET AVE,FOXBOROUGH,MA,02035-4022,42.061338,-71.245802,70
94f6b236-8e42-3e45-bb9b-c11c9a13cd87,6f72fdcc-46a5-330a-b956-d915dd5cbc0a,Collin529 Vandervort697,M,GENERAL PRACTICE,216 CENTRE ST,MALDEN,MA,02148-5526,42.42938,-71.058706,88
96d3208b-34c3-3bcd-83a2-8dd1f9430db4,cb6a50e0-af76-3758-99ad-3200ede03fff,Pamelia915 Harber290,F,GENERAL PRACTICE,330 BROOKLINE AVENUE,BOSTON,MA,02215,42.33196,-71.020173,123
978fc153-cb99-3abf-9271-3868faa30173,7d499cd2-65d6-3885-9ce4-95ea11b51d8f,Merrill415 Pouros728,M,GENERAL PRACTICE,19 NORWOOD ST,EVERETT,MA,02149-2709,42.405938,-71.054649,47
97969f39-0450-3d24-8b12-0258a74f482e,bcd7d210-e670-3064-8284-69db0a20211a,Devon268 Carter549,M,GENERAL PRACTICE,966 PARK ST,STOUGHTON,MA,02072-3672,42.119006,-71.10365,31
979da79e-336c-3868-b2fa-e13f18903958,5465c26c-010a-31f6-b4e1-6cf2657fc6bc,Shan714 Pfeffer420,F,GENERAL PRACTICE,800 WASHINGTON ST,NORWOOD,MA,02062-3487,42.187364,-71.195971,59
98544a45-fa9a-3512-883a-ffdb949e7a64,12dafd90-8c30-3c76-a9ae-f0272596d49a,Melissia267 Bins636,F,GENERAL PRACTICE,1215 BROADWAY,RAYNHAM,MA,02767-1942,41.930477,-71.046214,58
98a31629-e9a3-304d-a821-ebb8d085c535,62fa9127-485f-3032-87cc-6576d91fec94,Veda284 Pfeffer420,F,GENERAL PRACTICE,1 ESSEX CENTER DRIVE,PEABODY,MA,1960,42.5369864,-70.9465423,742
9933b64b-c726-34fc-8632-57bf456598f7,37eb7694-de8f-3407-b95f-1a6a31fb0f6a,Jc393 Borer986,M,GENERAL PRACTICE,25 Bond Street,Springfield,MA,01104,42.110065,-72.60007,186
99bbe4d9-2ea1-37b5-9228-3903148b5494,48bc3aff-5ff4-3ec6-b7e5-5a5b36680331,Elenor843 Moore224,F,GENERAL PRACTICE,1032 TURNPIKE ST,CANTON,MA,02021-2866,42.175737,-71.125385,69
9aa41f83-d6d0-3841-adc5-53aea970d93e,297e845b-327b-32f5-a78d-5885ab951c05,Michell380 Pfeffer420,F,GENERAL PRACTICE,879 COUNTY ST,SOMERSET,MA,02726-5033,41.738479,-71.165065,65
9b092a06-5209-3f5a-95ed-eb90e788aa5c,37c197b5-110f-339b-942e-272137f770b2,Bobbie849 Grant908,M,GENERAL PRACTICE,14 WILLIAMS ST,WILLIAMSBURG,MA,01096-9427,42.405414,-72.726043,85
9b589f42-2459-3979-8c7f-a6cf64bc7d4b,4ca1bde9-84f1-320d-86dc-39bf90ecdd19,Aundrea980 Kilback373,F,GENERAL PRACTICE,311 B MAIN ST,WILLIAMSTOWN,MA,01267-2610,42.695743,-73.22211800000001,50
9c353cd0-b3d0-3f16-b708-b11f5a03009d,c3345b16-4ce8-34df-a73f-b548d6012d99,Marcelino726 Terry864,M,GENERAL PRACTICE,35 CONGRESS ST,SALEM,MA,01970-7312,42.499248,-70.898204,76
9c415ffd-ff05-3ec1-9829-74bd4afcf79c,9869c919-f57b-3661-a2a0-66448f9c2db1,Adria871 Boehm581,F,GENERAL PRACTICE,70 MAIN ST,FLORENCE,MA,01062-1466,42.327044,-72.67463000000002,68
9eb43003-3fb6-301c-97ad-43908ca45ee8,a43fb751-96fe-3496-8750-73f85651866d,Gertrudis163 Schaden604,F,GENERAL PRACTICE,66B CONCORD STREET,WILMINGTON,MA,1887,42.5587666,-71.1368606,21
a16b7906-9300-370c-9c75-0a0841ff3296,d32d8049-07fd-3692-9c16-1915fd26afad,Harold594 Stiedemann542,M,GENERAL PRACTICE,990 PARADISE RD,SWAMPSCOTT,MA,01907-1395,42.468059000000004,-70.89126,31
a20a315f-a733-3d43-a16c-c31d7da5aec4,279b2a85-ab64-3dec-90df-fbca8b479db5,Maggie320 Willms744,F,GENERAL PRACTICE,48 CHERRY ST,WENHAM,MA,01984-1313,42.600633,-70.883303,116
a42df3c2-4f48-3752-9980-23b6fd77f865,8b372f3b-8269-325b-99c1-b7e8b581ae34,Bao544 Bogan287,F,GENERAL PRACTICE,61 LINCOLN ST,FRAMINGHAM,MA,01702-8264,42.307905,-71.436196,31
a5d1738d-b1b7-3815-9af7-95c39e313116,43de7525-f2f9-39a9-b8ff-9cba4ef56988,Carolina179 Garica503,F,GENERAL PRACTICE,117 HIGHLAND AVE,WATERTOWN,MA,02472-1642,42.369451,-71.177925,54
a6df8351-3224-3bdb-98a4-1c2fdfb8fd48,21ed1061-d809-3fa9-a1bd-bd0b1a108a41,Lynetta635 Robel940,F,GENERAL PRACTICE,600 MAIN ST,MALDEN,MA,02148-3919,42.42938,-71.058706,29
a6e3bc60-f487-35ac-932b-41364dc08b77,b60f8daf-0362-3c28-9b54-216e7f3e80bd,Wayne846 Mertz280,M,GENERAL PRACTICE,1 TROWBRIDGE ROAD,BUZZARDS BAY,MA,2532,41.740785,-70.5980121,15
a709478b-ece8-3e6d-9ea9-feaefa7ec9a4,a169e166-6db0-3ae6-93ac-bfcba0271b9d,Normand813 Hermiston71,M,GENERAL PRACTICE,2034 A CENTRE ST,WEST ROXBURY,MA,02132-3326,42.33196,-71.020173,69
a799c2dc-e4cd-312a-8b89-c7a7a7e44ddd,1df56535-d4b3-3192-8c29-36f122fccab6,Gerda633 Stanton715,F,GENERAL PRACTICE,280 WASHINGTON ST,HUDSON,MA,01749-2735,42.389071,-71.545864,67
a83b5619-bcec-3877-9a3e-cbd20c29e158,fbf6180e-b800-3ebe-b91d-93d0288c400e,Von197 Mraz590,M,GENERAL PRACTICE,164 HIGH STREET,GREENFIELD,MA,01301,42.614671,-72.597063,1098
a865c10d-6510-3c2e-8d29-d873d9f9f6a8,7828e5ea-1d0c-3cb2-a168-cbca730c12ee,Ali918 Erdman779,M,GENERAL PRACTICE,2360 CRANBERRY HWY,WEST WAREHAM,MA,02576-1208,41.791736,-70.75787199999999,182
a9957bc2-02b8-3384-9967-af64d8f677bc,059cdf63-a616-3f61-be4d-410d0be0623a,Micheal721 Deckow585,F,GENERAL PRACTICE,1250 HANCOCK ST,QUINCY,MA,02169-4339,42.261006,-71.008988,71
aa6204c4-d5a5-33fa-bd71-8029b10630b9,1c064e6a-e1a5-3124-b294-68ae3a9d6487,Carlyn477 Larson43,F,GENERAL PRACTICE,904 C BOSTON TPKE,SHREWSBURY,MA,01545-3303,42.284766999999995,-71.714228,84
aa681d25-368d-3d20-9ee8-5d2ae0244417,e63311d4-a173-3921-a0b4-8d14e8045fc1,Chastity705 Keebler762,F,GENERAL PRACTICE,2 MEDICAL CTR DR,SPRINGFIELD,MA,01107-1269,42.115454,-72.539978,49
aa89beb2-7bc6-35fa-83f7-4b32039e84eb,12c9daf5-a29c-36c9-ac55-28972463e566,Sanford861 Gottlieb798,M,GENERAL PRACTICE,199 REEDSDALE ROAD,MILTON,MA,02186,42.24158900000001,-71.082651,1999
abc5fc1b-d1fc-3388-bcf4-61987e3035d5,e268d966-c51d-355b-90a3-edf1748d0b67,Rosalba160 Huels583,F,GENERAL PRACTICE,186 CABOT ST,BEVERLY,MA,01915-5846,42.556659,-70.84496,51
ac966921-43ce-302d-a95c-f6dbc0625d0e,c63d0602-724d-3d74-958a-a31b1364eaef,Devora529 Sipes176,F,GENERAL PRACTICE,111 GROSSMAN DRIVE,BRAINTREE,MA,2184,42.21004,-70.999539,189
acac936f-f745-354e-a5eb-43722cfbfd19,05462bf2-25d4-3ecd-afdf-bb3e1140929a,Phillip440 McCullough561,M,GENERAL PRACTICE,251 Causeway St.,Boston,MA,02114,42.3665,-71.05931,145
ad0b1c7f-8f5d-33b6-8e88-4b286f07d9a3,b1ddf812-1fdd-3adf-b1d5-32cc8bd07ebb,Hassan290 Rath779,M,GENERAL PRACTICE,275 SANDWICH STREET,PLYMOUTH,MA,02360,41.897892,-70.62403,1136
ad6d215f-842d-36fb-8154-ea767e9d8613,10968ba2-75e7-351a-a73a-c37a2a8dfcfc,Nell215 Terry864,F,GENERAL PRACTICE,65 EASTERN AVE,ESSEX,MA,01929-1300,42.64042,-70.77117199999999,40
ad7acb11-94e7-337c-9ebc-1fb69135a644,07528ac5-94f7-352d-b3e2-fd7269c88baa,Elisha578 Toy286,M,GENERAL PRACTICE,607 N AVE,WAKEFIELD,MA,01880-1322,42.50436,-71.064061,55
af01a385-31d3-3c77-8fdb-2867fe88df2f,5d4b9df1-93ae-3bc9-b680-03249990e558,Garth972 Wyman904,M,GENERAL PRACTICE,575 BEECH STREET,HOLYOKE,MA,01040,42.211656,-72.642448,2585
af42f305-3f0c-396d-8303-9cbdb900a516,23834663-ed53-3da9-b330-d6e1ecb8428e,Myong12 Heidenreich818,F,GENERAL PRACTICE,363 HIGHLAND AVENUE,FALL RIVER,MA,02720,41.725351,-71.094162,1832
afcc3b01-5593-3e96-bb2c-762776f53a11,f09cf501-9c20-3a90-895e-d08fe18aa79a,Jayson808 Rau926,M,GENERAL PRACTICE,140 WOOD RD,BRAINTREE,MA,02184-2512,42.205416,-71.00216800000003,41
b0794c22-a6f5-3708-9e91-770a26e6f56c,66e57e95-78f4-38b9-bd2e-20fadbc2e34a,Chelsie189 Weissnat378,F,GENERAL PRACTICE,503 ELECTRIC AVE,FITCHBURG,MA,01420-5371,42.601977000000005,-71.81586999999999,70
b08f34d7-3c08-35b9-a2ba-b823511ebc57,4861d01f-019c-3dac-a153-8334e50919f9,Houston994 Osinski784,M,GENERAL PRACTICE,81 HIGHLAND AVENUE,SALEM,MA,01970,42.50128,-70.897502,1616
b0eb4118-329e-3123-a7f4-6cdd80061a28,6040b2da-71a1-3d12-a777-427cbb929931,Hollis7 Farrell962,M,GENERAL PRACTICE,46 MAIN RD,MONTGOMERY,MA,01085-9522,42.220395,-72.834999,34
b10541e2-7c3a-3ded-b323-532320e213ab,b7175ab4-bde5-3848-891b-579bccb77c7c,Shaunte610 Bergstrom287,F,GENERAL PRACTICE,800 WASHINGTON STREET,BOSTON,MA,02111,42.33196,-71.020173,172
b274d84c-d063-3cec-a8f1-f85c9bf03bb9,7b76c6b3-c413-3293-914a-fcf8195f32bc,India495 Ruecker817,F,GENERAL PRACTICE,109 COMMERCIAL ST,MALDEN,MA,02148-5509,42.42938,-71.058706,161
b4007e11-bf1b-3bb9-a79c-c569839c29d8,2c3e6615-030f-35a7-aeb4-f32bbb83af26,Agustin437 Connelly992,M,GENERAL PRACTICE,150 BRYN MAWR AVE,AUBURN,MA,01501-1607,42.198708,-71.846006,45
b4f46f74-d553-3090-8e2e-4bc3ef403be3,a76bda1d-f42d-3046-b8c6-021f3db0a086,Colby655 Schowalter414,F,GENERAL PRACTICE,808 MAIN STREET,WALTHAM,MA,2451,42.3760766,-71.242893,49
b64885e2-54f1-32ec-8ab4-6d88718f92cb,afab4f90-7459-32ee-b0e2-8098e831667d,Chester802 Quigley282,M,GENERAL PRACTICE,21 MAIN ST,NORTH READING,MA,01864-2286,42.578222,-71.084398,59
b7d355fa-aeb1-3b3d-8aee-f1a9f7558e60,4b562cab-70a7-3a46-bb2c-a1d4b85fdba6,Evangelina20 Lueilwitz711,F,GENERAL PRACTICE,328 BROADWAY,CAMBRIDGE,MA,02139-1840,42.376043,-71.11868,69
b89ca568-e316-32c2-adfb-98d88fe4c678,592c7848-5619-3d11-b158-488fb330ee00,Sean831 Smith67,F,GENERAL PRACTICE,501 MAIN ST,DENNIS,MA,02638-1911,41.706123,-70.164823,28
b940ab22-9e40-34ca-b8dc-9a0b63baa6ed,d94c9186-7bed-3d24-88a2-d5bc92d92737,Anton902 Torp761,M,GENERAL PRACTICE,12 ARROW ST,CAMBRIDGE,MA,02138-5105,42.376043,-71.11868,33
ba4a3eb3-6faf-3124-b012-bb93f2f2e4f6,bf0bb03e-69c9-30f8-ae56-14913d5a71c5,Homero668 de Jesús414,M,GENERAL PRACTICE,12 CORSER ST,HOLYOKE,MA,01040-2227,42.211656,-72.642448,50
babd250d-392f-31bf-bc0d-dad46d25b299,261b14f5-39d7-37eb-a8b7-606014d8eff3,Venita81 Schroeder447,F,GENERAL PRACTICE,493 ESSEX ST,LAWRENCE,MA,01840-1241,42.700272999999996,-71.161357,59
baf65095-ac5e-3036-bdfd-f8a837b6d17d,09b12738-8d19-3f48-bb86-1f0f0d3b5117,Haley279 Stehr398,F,GENERAL PRACTICE,909 FORTUNE BLVD,MILFORD,MA,01757,42.158691999999995,-71.521419,38
bbfb2049-3e3d-303f-b991-055860308296,f1313c7d-3148-335b-adc3-337f15567b82,Benton624 Becker968,M,GENERAL PRACTICE,500 SALEM STREET,WILMINGTON,MA,1887,42.5805281,-71.1438654,42
bc4a87bc-6ea6-3cd2-b14e-14125337e950,b9b400f9-1c95-3d0e-b6e4-15d5d33304f9,Sheryll569 Rippin620,F,GENERAL PRACTICE,94 N ELM ST,WESTFIELD,MA,01085-1641,42.138838,-72.755911,44
bd8ee454-312d-3bb6-9d18-95f07366c516,6ffe62de-5d90-3cc7-be16-643a7496c817,Augustine565 Fisher429,M,GENERAL PRACTICE,601 AMHERST RD,SUNDERLAND,MA,01375-9466,42.466691,-72.546751,56
bdefd926-a523-3d06-b9bf-ebb7f7ea5543,8fbdc477-d05c-3d67-96f1-4fbf1b08102d,Abram53 Ebert178,M,GENERAL PRACTICE,191 ELM ST,SALISBURY,MA,01952-1814,42.844794,-70.841499,58
be1a82c3-3b9d-3951-9248-1ea10104f717,ad3a23c5-ee9b-361d-96ee-244364c9b63a,Juan88 Connelly992,M,GENERAL PRACTICE,7 KIMBALL LN E,LYNNFIELD,MA,01940-2617,42.534146,-71.038333,66
bed3c435-f246-33e1-b242-8cd58cb44d4e,06298d60-e0e0-32d1-b465-2455b92414b9,Dulce933 Schuppe920,F,GENERAL PRACTICE,55 HIGHLAND AVE,SALEM,MA,01970-2100,42.499248,-70.898204,42
c2781140-5422-315b-93a7-43c3af5ed193,686f49cf-d7d6-3368-b554-9483b0f9f1cf,Carlton317 Conroy74,M,GENERAL PRACTICE,72 WASHINGTON ST,TAUNTON,MA,02780-2470,41.903324,-71.094987,31
c3034192-efd5-3457-888f-1e76c90125fb,819ad437-19fa-36e7-86f3-54cacd35989d,Kurt412 Bogan287,M,GENERAL PRACTICE,57 PROSPECT ST,NANTUCKET,MA,02554-2799,41.293416,-70.10216899999999,70
c34ddc76-71c9-3d25-abaf-d325050bffe9,c8b25caa-eaf0-3f1a-a2b8-b2daa526618a,Jacquetta148 Jenkins714,F,GENERAL PRACTICE,24 MASSACHUSETTS AVE,LUNENBURG,MA,01462-1248,42.582607,-71.720464,277
c381c694-d45a-3cc1-a818-5b70c4511f7e,4bdaa4c2-c664-3089-aee2-7137abbad27f,Tiana543 Blick895,F,GENERAL PRACTICE,100 SOUTH STREET,SOUTHBRIDGE,MA,01550,42.059669,-72.03404,1413
c5990d8c-bdcd-356e-976f-b82848b7e09f,f95eebbf-70d7-385e-8e4c-748c79c6d644,Tiana543 Blick895,F,GENERAL PRACTICE,199 Main Street,Gloucester,MA,01930,42.613102,-70.66085,248
c61da802-abc8-3896-8b09-bc90662c66fb,5f5140f3-df3b-3af2-bc42-a671fc6a5a28,Rubén780 Perea353,M,GENERAL PRACTICE,17 N AVE,ROCKLAND,MA,02370-2123,42.129251000000004,-70.908736,97
c8432393-9a0f-342e-bc3b-922c7ff3eee3,a441cbca-6d65-33ff-980c-d8e58235b7e5,Jeramy610 Quigley282,M,GENERAL PRACTICE,67 SLADE'S FERRY BOULEVARD,SOMERSET,MA,02726-1220,41.738479,-71.165065,115
c8cd501a-8a63-3d1a-9f8b-c1d770232c6c,6f30e0bc-bef3-33e0-a1f3-400d919f7c59,Erna640 Hartmann983,F,GENERAL PRACTICE,23 VILLAGE INN RD,WESTMINSTER,MA,01473-1660,42.5546,-71.90544,71
c8f460bd-b5ff-3a39-ae39-b87d3fed7481,b6164b13-8df9-31e0-8412-f25d8860e21f,Lucio648 Zemlak964,M,GENERAL PRACTICE,85 W ST,WALPOLE,MA,02081-1844,42.146285999999996,-71.255604,65
c93b0a63-006f-3716-8a43-b8ae70557a9c,e1152059-6932-3ce8-a8e5-7d6fd5d86bd2,Sherril389 Marquardt819,F,GENERAL PRACTICE,850 SPRINGFIELD ST,FEEDING HILLS,MA,01030-2152,42.064731,-72.653477,37
c9b3c857-2e24-320c-a79a-87b8a60de63c,69176529-fd1f-3b3f-abce-a0a3626769eb,Suzette512 Monahan736,F,GENERAL PRACTICE,330 MOUNT AUBURN STREET,CAMBRIDGE,MA,02138,42.375967,-71.118275,2296
ca1a697c-76e8-3d7d-b78a-b41a132fd854,588e03bd-91bc-3442-be9e-66c18ba36c0c,Scottie437 Kuhn96,M,GENERAL PRACTICE,116 MECHANIC ST,BELLINGHAM,MA,02019-1678,42.076682,-71.47449,206
cafa227c-259d-3bfc-b2eb-c4e4b875b0b9,a13937fa-4125-320b-9086-32e8660581cf,Annett908 Dare640,F,GENERAL PRACTICE,4 GRANITE STATE COURT,BREWSTER,MA,02631,41.747513,-70.066223,65
d06ec48d-8153-3413-aeca-2b9e9f7b6633,3b18fe70-e14e-354f-a948-bce4fbb4b2a7,Lilliana632 Cronin387,F,GENERAL PRACTICE,280 UNION ST,LYNN,MA,01901-1353,42.474862,-70.96218499999999,47
d202a889-866e-3ce5-b675-a35fa24407ff,7b1ba895-0a48-303f-981d-f41766fcaacc,Kaitlyn96 D'Amore443,F,GENERAL PRACTICE,78 MCKAY ST,BEVERLY,MA,01915-3031,42.556659,-70.84496,44
d3df79a4-ecae-3ba0-bec8-3bc8214f9db9,b06770b5-b695-3c1a-9685-ae2223966ff7,Mohammed454 Parisian75,M,GENERAL PRACTICE,66 SOUTH WASHINGTON STREET,NORTH ATTLEBORO,MA,2760,41.9799756,-71.3329695,292
d42f2766-efe5-3ec4-8602-82732c648505,309b9155-1832-3aa2-9bc2-e6047060c36c,Johnson679 Wunsch504,M,GENERAL PRACTICE,326 NICHOLS RD,FITCHBURG,MA,01420-5140,42.601977000000005,-71.81586999999999,28
d433c7e4-914a-33dd-bd94-9f23934ef5b4,1f6b6667-2104-3bba-a332-c119f6ffbb64,Mechelle851 Sanford861,F,GENERAL PRACTICE,191 CHERRY HILL DR,SEEKONK,MA,02771-2223,41.839797999999995,-71.31804699999999,31
d6e216be-acb7-3c45-84b3-fc69e7714ca5,5844ad77-f653-3c2b-b7dd-e97576ab3b03,Devora529 Sipes176,F,GENERAL PRACTICE,40 WRIGHT STREET,PALMER,MA,01069,42.187794,-72.30846899999997,1077
d78462d1-3e5d-3a93-961e-6df1df9e285a,5103c940-0c08-392f-95cd-446e0cea042a,Catalina187 Olivo261,F,GENERAL PRACTICE,516 CAREW STREET,SPRINGFIELD,MA,01104,42.115454,-72.539978,457
d7a228b8-5eae-3617-a2df-21860db472bb,ed33acfb-1834-35d2-9c86-d8772bf33703,Lloyd546 Davis923,M,GENERAL PRACTICE,589 HIGHLAND AVE,NEEDHAM,MA,02494-2205,42.281593,-71.242414,46
dacc925e-e4ae-38ab-9f7c-76c15f293c0c,d7b11827-25f2-350b-bcd8-939fc59851b0,Tisha655 Dickens475,F,GENERAL PRACTICE,300 LONGWOOD AVENUE,BOSTON,MA,02115,42.33196,-71.020173,406
db3016df-8ac7-3e72-9523-c358eada3266,ccdd9f7d-8010-38ae-9607-a951a6f2084e,Hayden835 Dare640,M,GENERAL PRACTICE,8 BURNHAM ST,TURNERS FALLS,MA,01376-1816,42.597445,-72.555278,77
dbddb5a1-2619-35c1-9824-3082d1e999a5,dce6ce7f-7e6e-3035-aaad-46379b6d0bf0,Bridget51 Hermann103,F,GENERAL PRACTICE,1236 MAIN ST,HOLYOKE,MA,01040-5370,42.211656,-72.642448,47
dc009c17-772c-384d-a788-7f044e52be6e,2075b030-1585-3772-8792-fa474af2c744,Waylon572 White193,M,GENERAL PRACTICE,689 BEDFORD ST,WHITMAN,MA,02382-1807,42.078974,-70.93939,121
dc8109d7-faed-30d4-a352-98a4a8b5533f,df5a38ee-e493-3572-8f92-bb695aef9891,Jesús825 Quiroz936,M,GENERAL PRACTICE,489 BEARSES WAY,HYANNIS,MA,2601,41.6624796,-70.3008223,37
dcc57b2e-695e-3c82-80a1-9b093992935f,866f38cd-af49-36c2-a073-ee031c7609cd,Tyron580 Wisozk929,M,GENERAL PRACTICE,30 NEW CROSSING RD,READING,MA,01867-3270,42.535183,-71.105423,41
de5364b2-0a08-36f8-ab63-c6455f9cded8,6ade82be-b7cc-34f6-b992-de16d4c1f9dc,Olympia319 Schulist381,F,GENERAL PRACTICE,300 A FAUNCE CORNER RD,NORTH DARTMOUTH,MA,02747-1280,41.646686,-70.999158,61
de75d491-eca3-343c-90a0-a32824647526,e44f438a-601b-30fb-85eb-bfaf8ddcb5ad,Lon587 Lind531,M,GENERAL PRACTICE,242 GREEN STREET,GARDNER,MA,01440,42.586516,-71.988062,1376
df05f786-68da-3c4c-87b2-f063ff81072b,060d4631-3566-3d04-9205-2827b0f87c2e,Alvin56 Goodwin327,M,GENERAL PRACTICE,111 EVERETT AVE,CHELSEA,MA,02150-2380,42.396824,-71.031348,179
e3765c7d-3711-333a-a327-7ef02784c538,0871f090-09bb-3e6c-8381-ca5ac76a3937,Kim439 Runolfsdottir785,F,GENERAL PRACTICE,11 WATER ST,ARLINGTON,MA,02476-4814,42.418721999999995,-71.163912,28
e3ea4f4e-e239-31dd-96ef-c07176287702,6e62e63b-c39a-3211-99d8-8b8f0f06774e,Wynell591 Wisozk929,F,GENERAL PRACTICE,19 TACOMA STREET,WORCESTER,MA,1605,42.3023113,-71.7661395,282
e49edc61-6ba6-324c-bef7-b65f0e10799f,ff9863d3-3fa3-3861-900e-f00148f5d9c2,Carolyne559 Howell947,F,GENERAL PRACTICE,51 BLOSSOM STREET,BOSTON,MA,02114,42.33196,-71.020173,283
e5cb44e5-6b3f-365a-abbe-a1d4b76b0be6,7421405c-6f9c-3a00-b83d-018d05c56918,Esperanza675 Johnston597,F,GENERAL PRACTICE,298 WASHINGTON ST,GLOUCESTER,MA,01930-4832,42.62885,-70.685875,35
e6283e46-fd81-3611-9459-0edb1c3da357,e002090d-4e92-300e-b41e-7d1f21dee4c6,Jeanmarie510 Beatty507,F,GENERAL PRACTICE,1493 CAMBRIDGE STREET,CAMBRIDGE,MA,02138,42.375967,-71.118275,3199
e846d20b-5bbc-3073-af0e-c3b15bb00f13,6b917120-a4d4-36f1-896b-0929f9bf5d77,Nida800 Witting912,F,GENERAL PRACTICE,141 BOSTON POST RD,SUDBURY,MA,01776-2405,42.383367,-71.42107,97
e97095d8-12e1-3acd-a9e7-1af073328bfe,e3f1676b-9b40-3544-af4e-17a06bbb98bb,Jc393 Borer986,M,GENERAL PRACTICE,637 WASHINGTON STREET,DORCHESTER,MA,2124,42.2894365,-71.0719941,153
ea53dda3-3bf7-30c9-804b-a0fa4eabcafa,a9f20dc1-5147-3789-bcef-bbecb41c5983,Judith460 Johns824,F,GENERAL PRACTICE,70 EAST STREET,METHUEN,MA,01844,42.742751,-71.178588,325
eabb2bff-3216-34da-9f29-824dbca901c3,ebc3f5c4-6700-34af-8323-85621c313726,Óscar156 Mateo562,M,GENERAL PRACTICE,115 WEST SILVER STREET,WESTFIELD,MA,01085,42.138838,-72.755911,1006
eb6aac5a-1942-393c-a588-b7534adb19be,a5207d31-ad44-3807-9b19-03da35e04294,Vanna750 Cronin387,F,GENERAL PRACTICE,229 E MAIN ST,MILFORD,MA,01757-2832,42.158691999999995,-71.521419,47
ec5f50b5-7b7a-30b1-96dd-bab6773f2edc,7638b2b1-dbae-3cf5-bd72-676b736b7c87,Violeta106 Morar593,F,GENERAL PRACTICE,132 GREAT RD,STOW,MA,01775-1189,42.429688,-71.512514,131
ef40c94c-af8f-300f-bf7e-41e18ea5cb05,c7459800-e42b-3144-a934-59585c9eacff,Stan246 Little434,M,GENERAL PRACTICE,1111 ELM ST,WEST SPRINGFIELD,MA,01089-1540,42.125451,-72.649734,85
ef9153ff-6863-3e67-85e7-50a1a36a6908,76a80350-916e-3fc9-8fed-2c8c4b36c42f,Claude750 Jacobs452,F,GENERAL PRACTICE,301 BROADWAY,CHELSEA,MA,02150-2807,42.396824,-71.031348,68
efd9c046-0f89-37a1-9bef-2208e7cac981,34031633-e7ec-3962-8a45-e2a8f77dcc92,Mechelle851 Hudson301,F,GENERAL PRACTICE,200 COMMERCE DR,NORTHBRIDGE,MA,01534-1425,42.128937,-71.655787,51
f05def4e-83ad-3214-82c7-9af2237e1ed3,00065b1c-5e71-3da5-907f-e9fc33eddbbf,Ria154 Lebsack687,F,GENERAL PRACTICE,170 MAIN ST E,MONSON,MA,01057-1353,42.093596000000005,-72.321494,64
f17d6645-9d32-3264-8af1-def04f73e39f,4e383e1d-1060-3747-a4f0-d639980ff360,Chas63 Robel940,M,GENERAL PRACTICE,131 HARVARD ST,BROOKLINE,MA,02446-6429,42.323853,-71.142003,43
f1c381e0-cb17-36cf-83e7-a844239e2744,5c028435-0cca-3c7b-b497-42878304f48e,Karry11 Goodwin327,F,GENERAL PRACTICE,WILLIAM R NOLAN JR DC,DANVERS,MA,01923,42.574174,-70.95051600000001,69
f2ecac57-d84d-32bd-9edc-3f9d444a02f7,ed353f5c-41f9-3eb6-8e10-47d3db959d99,Eduardo902 Funk324,M,GENERAL PRACTICE,100 COMMERCE DR,NORTHBRIDGE,MA,01534-1415,42.128937,-71.655787,43
f3a7d874-d091-3c76-b5f9-0a007451a1a6,7dcb5cb6-5c36-3c80-9e8c-eca5319ee530,Daniela614 Carrasco324,F,GENERAL PRACTICE,78 COLLEGE AVE,SOMERVILLE,MA,02144-1916,42.390445,-71.101033,40
f45d8a66-f973-38cd-b8f3-cb7a7918cf6e,c0aa05be-e636-316f-80d7-8b0b5d2eb194,Crista774 Keebler762,F,GENERAL PRACTICE,10 GOVE STREET,BOSTON,MA,2128,42.3719882,-71.0386237,10
f4eb93d1-9187-3cfb-83a4-6d9cd77f7df6,d692e283-0833-3201-8e55-4f868a9c0736,Vern731 Powlowski563,M,GENERAL PRACTICE,585 LEBANON STREET,MELROSE,MA,02176,42.455723,-71.05901899999998,4466
f4fe6d0d-d442-328b-91c6-433bb107594d,49bf5812-29f3-32c7-88de-329eb3864885,Donnell534 Dicki44,M,GENERAL PRACTICE,627 COLLEGE HWY 2,SOUTHWICK,MA,01077-9829,42.05257,-72.777353,29
f6065151-bf86-330b-a526-ac86b53b440b,ac8356a5-78f8-3a63-8a1e-59e832fd54e7,Tressa150 Kovacek682,F,GENERAL PRACTICE,200 GROTON ROAD,AYER,MA,01432,42.562221,-71.58484399999998,462
f627abd9-a36e-3ad9-82c5-c990cdc75004,6103d742-31b1-3e24-9552-034b3b85ae3d,Albert312 Davis923,M,GENERAL PRACTICE,311 SERVICE RD,EAST SANDWICH,MA,02537-1370,41.734214,-70.430683,88
f647dc3a-cceb-3061-805e-de6fa1360651,82ee9d10-54f5-32aa-803a-1c6f80f4d74c,Mark765 Toy286,M,GENERAL PRACTICE,241 PERKINS ST,JAMAICA PLAIN,MA,02130-4010,42.33196,-71.020173,81
f693d285-09f9-34fb-92ea-5cc797d46e88,3553d3a5-68c0-3da6-8aed-37f3bd7209c9,Rochell365 Runte676,F,GENERAL PRACTICE,53 COUNTY RD,MATTAPOISETT,MA,02739-1652,41.661363,-70.812024,34
f7552666-a613-302c-b339-7e0e30acaf07,aafc7529-1a22-32ec-a06d-a6c6163c766e,Royce974 Cremin516,M,GENERAL PRACTICE,124 BROADWAY,SAUGUS,MA,01906-1094,42.468432,-71.01394599999999,59
f80031ea-551e-3d00-b779-3cab619e22b2,dd43b798-6c99-3cdb-bd19-65f1cc2a370d,Harris789 Von197,M,GENERAL PRACTICE,410 A SWAMP RD,RICHMOND,MA,01254-0428,42.383497,-73.359187,150
f872acfb-d7a9-357a-8639-16226861cac0,8e023628-af4e-328c-9647-9074c707396c,Aurelio227 Ebert178,M,GENERAL PRACTICE,124 WATERTOWN ST,WATERTOWN,MA,02472-2500,42.369451,-71.177925,44
fb297685-7def-3552-b2b0-73c9496ba60b,415bf5aa-ea38-3685-a13c-e68fcc89b344,Hector463 Balistreri607,M,GENERAL PRACTICE,1 WASHINGTON ST,WELLESLEY HILLS,MA,02481-1706,42.30539,-71.28366899999997,44
fbc86dae-0aec-3157-b98a-0e1f512475a9,74086554-9256-3f1f-9bfb-ef7237391d25,Christopher407 Blick895,M,GENERAL PRACTICE,104 WHALON ST,FITCHBURG,MA,01420-7185,42.601977000000005,-71.81586999999999,28
fc547e94-acae-3b44-9ac3-2118f8e7968c,18362426-1324-35e6-a226-adccb56a7a36,Hung902 Sauer652,M,GENERAL PRACTICE,98 S MAIN ST,MIDDLEBOROUGH,MA,02346-2123,41.878004,-70.86926700000001,332
fcd25fa4-4956-3257-9d4e-db250012d829,43e1c8ac-cce2-3e8d-8752-ce9045c435cb,Annamae625 Boyle917,F,GENERAL PRACTICE,365 MAIN ST,WINTHROP,MA,02152-1637,42.375541,-70.970646,34
fd312586-4134-3b66-9fa7-441f74fa5933,518271fa-2372-3b99-9b3f-a9ccc3cfc33b,Jinny850 Conroy74,F,GENERAL PRACTICE,31 HASTINGS ST,MENDON,MA,01756-1090,42.09387,-71.544519,33
fd46a59c-9c25-3890-8e58-8c36998efb26,9be53aec-ec1e-3681-bdc9-6fe0c25ec904,Isadora719 Keeling57,F,GENERAL PRACTICE,747 MAIN ST,CONCORD,MA,01742-3326,42.462911,-71.364496,91
fd4ae7b3-342f-344e-8046-630401083c9b,001d000f-be37-3cf2-9339-6b613dd0117d,Gus973 Rempel203,M,GENERAL PRACTICE,500 SALEM ST,WILMINGTON,MA,01887-1200,42.564646999999994,-71.164516,63
feaa31c7-6002-3b1f-b780-07151a2385fd,7af15bd8-12c4-397b-8018-a1dd2c1085a7,Willian804 Hermann103,M,GENERAL PRACTICE,199 REEDSDALE RD,MILTON,MA,02186-3926,42.241557,-71.082432,63
fedb785d-efbd-3da3-915d-27328dd9ef0f,c70f789a-e244-3048-bbb7-c786d3f5de9b,Kendrick479 Walker122,M,GENERAL PRACTICE,714 MAIN ST,YARMOUTH PORT,MA,02675-2000,41.706920000000004,-70.221117,58
fedd8776-2f1c-3aae-a902-0d70692e180b,ed146054-9dd5-3f0b-83df-d29d983039c3,Leonor133 Nájera755,F,GENERAL PRACTICE,233 Stevens St,Hyannis,MA,02601,41.651745,-70.294235,664
ff678a28-0ee8-379c-80ab-2dc790cf67dd,a44b37da-aa9b-37f0-993e-26e58974e086,Don899 Harris789,M,GENERAL PRACTICE,727 HIGH ST,WESTWOOD,MA,02090-2598,42.219645,-71.216768,94
ff7c65fb-43c0-3b74-aa7b-ea28808d70ae,291a9036-ff68-348d-a693-537df0807a12,Óscar156 Mateo562,M,GENERAL PRACTICE,427 PLYMOUTH AVENUE,FALL RIVER,MA,2721,41.6956586,-71.1530617,1
